wl.nm,irrad.W_m2_nm,flux.photon_m2_nm_s,irrad.mW_cm2_nm,flux.mA_cm2_nm
280,4.7309E-23,6.66845E-05,4.7309E-24,1.04849E-24
280.5,1.2307E-21,0.001737834,1.2307E-22,2.73243E-23
281,5.6895E-21,0.008048292,5.6895E-22,1.26545E-22
281.5,1.5662E-19,0.221946819,1.5662E-20,3.48971E-21
282,1.1946E-18,1.695879245,1.1946E-19,2.66646E-20
282.5,4.5436E-18,6.461626476,4.5436E-19,1.01597E-19
283,1.8452E-17,26.28773619,1.8452E-18,4.13327E-19
283.5,3.536E-17,50.46480808,3.536E-18,7.93467E-19
284,7.267E-16,1038.955165,7.267E-17,1.63357E-17
284.5,2.4856E-15,3559.891957,2.4856E-16,5.59728E-17
285,8.0142E-15,11498.15987,8.0142E-16,1.80788E-16
285.5,4.2613E-14,61245.12551,4.2613E-15,9.62968E-16
286,1.3684E-13,197016.4117,1.3684E-14,3.09772E-15
286.5,8.3823E-13,1208957.775,8.3823E-14,1.90087E-14
287,2.7367E-12,3953961.127,2.7367E-13,6.21688E-14
287.5,1.0903E-11,15780006.13,1.0903E-12,2.48112E-13
288,6.2337E-11,90377784.71,6.2337E-12,1.42103E-12
288.5,1.7162E-10,249251064.3,1.7162E-11,3.91902E-12
289,5.6265E-10,818576876.5,5.6265E-11,1.28706E-11
289.5,2.0749E-09,3023911281,2.0749E-10,4.75455E-11
290,6.0168E-09,8783889827,6.0168E-10,1.38111E-10
290.5,1.3783E-08,20156410720,1.3783E-09,3.16923E-10
291,3.5052E-08,51348658072,3.5052E-09,8.07364E-10
291.5,1.0913E-07,1.60142E+11,1.0913E-08,2.51795E-09
292,2.683E-07,3.94391E+11,2.683E-08,6.20108E-09
292.5,4.2685E-07,6.28528E+11,4.2685E-08,9.88246E-09
293,8.6466E-07,1.27537E+12,8.6466E-08,2.00529E-08
293.5,2.2707E-06,3.35499E+12,2.2707E-07,5.27511E-08
294,4.1744E-06,6.17824E+12,4.1744E-07,9.71416E-08
294.5,6.5911E-06,9.77162E+12,6.5911E-07,1.53641E-07
295,0.00001229,1.82514E+13,0.000001229,2.86971E-07
295.5,0.000027826,4.13934E+13,2.7826E-06,6.50837E-07
296,0.000047904,7.13817E+13,4.7904E-06,1.12235E-06
296.5,0.000071345,1.06491E+14,7.1345E-06,1.67437E-06
297,0.0000968,1.44729E+14,0.00000968,2.2756E-06
297.5,0.00018608,2.78683E+14,0.000018608,4.38178E-06
298,0.00028988,4.34868E+14,0.000028988,6.83751E-06
298.5,0.00035789,5.37796E+14,0.000035789,8.45586E-06
299,0.00049211,7.40724E+14,0.000049211,1.16465E-05
299.5,0.00086068,1.29766E+15,0.000086068,2.04034E-05
300,0.0010205,1.54119E+15,0.00010205,2.42325E-05
300.5,0.001245,1.88338E+15,0.0001245,2.96127E-05
301,0.00193,2.92447E+15,0.000193,4.5982E-05
301.5,0.0026914,4.08497E+15,0.00026914,6.42287E-05
302,0.0029209,4.44065E+15,0.00029209,6.98212E-05
302.5,0.004284,6.52376E+15,0.0004284,0.000102574
303,0.0070945,1.08215E+16,0.00070945,0.000170149
303.5,0.0089795,1.37194E+16,0.00089795,0.000215712
304,0.0094701,1.44928E+16,0.00094701,0.000227872
304.5,0.011953,1.83226E+16,0.0011953,0.00028809
305,0.016463,2.52774E+16,0.0016463,0.000397441
305.5,0.018719,2.87884E+16,0.0018719,0.000452645
306,0.018577,2.86168E+16,0.0018577,0.000449946
306.5,0.021108,3.25687E+16,0.0021108,0.000512084
307,0.027849,4.30399E+16,0.0027849,0.000676724
307.5,0.035635,5.51627E+16,0.0035635,0.000867333
308,0.037837,5.86666E+16,0.0037837,0.000922425
308.5,0.04143,6.43418E+16,0.004143,0.001011658
309,0.040534,6.30523E+16,0.0040534,0.000991383
309.5,0.043306,6.74733E+16,0.0043306,0.001060895
310,0.050939,7.94942E+16,0.0050939,0.001249902
310.5,0.06554,1.02445E+17,0.006554,0.001610764
311,0.082922,1.29824E+17,0.0082922,0.002041239
311.5,0.08408,1.31848E+17,0.008408,0.002073073
312,0.093376,1.46661E+17,0.0093376,0.00230597
312.5,0.098984,1.55718E+17,0.0098984,0.00244838
313,0.10733,1.69118E+17,0.010733,0.002659067
313.5,0.10757,1.69767E+17,0.010757,0.00266927
314,0.11969,1.89196E+17,0.011969,0.002974755
314.5,0.1306,2.0677E+17,0.01306,0.003251079
315,0.13625,2.16058E+17,0.013625,0.003397119
315.5,0.11838,1.88019E+17,0.011838,0.002956252
316,0.12348,1.9643E+17,0.012348,0.003088499
316.5,0.15036,2.39568E+17,0.015036,0.003766776
317,0.17158,2.7381E+17,0.017158,0.004305164
317.5,0.18245,2.91616E+17,0.018245,0.004585127
318,0.17594,2.81653E+17,0.017594,0.004428488
318.5,0.18591,2.98082E+17,0.018591,0.004686795
319,0.2047,3.28724E+17,0.02047,0.005168592
319.5,0.19589,3.1507E+17,0.019589,0.004953896
320,0.20527,3.30673E+17,0.020527,0.005199232
320.5,0.24525,3.95695E+17,0.024525,0.006221581
321,0.25024,4.04376E+17,0.025024,0.006358073
321.5,0.23843,3.85891E+17,0.023843,0.006067442
322,0.22203,3.59907E+17,0.022203,0.00565889
322.5,0.21709,3.52446E+17,0.021709,0.005541576
323,0.21226,3.45139E+17,0.021226,0.005426683
323.5,0.24861,4.04871E+17,0.024861,0.006365853
324,0.27537,4.49143E+17,0.027537,0.007061962
324.5,0.28321,4.62644E+17,0.028321,0.00727423
325,0.27894,4.5637E+17,0.027894,0.007175595
325.5,0.32436,5.31498E+17,0.032436,0.008356839
326,0.3812,6.25596E+17,0.03812,0.009836356
326.5,0.40722,6.69323E+17,0.040722,0.010523883
327,0.39806,6.55269E+17,0.039806,0.010302913
327.5,0.38465,6.34162E+17,0.038465,0.009971047
328,0.35116,5.79832E+17,0.035116,0.009116804
328.5,0.37164,6.14584E+17,0.037164,0.009663213
329,0.42235,6.99506E+17,0.042235,0.010998466
329.5,0.46878,7.77585E+17,0.046878,0.012226108
330,0.47139,7.83101E+17,0.047139,0.012312835
330.5,0.428,7.12096E+17,0.0428,0.011196415
331,0.40262,6.70883E+17,0.040262,0.010548412
331.5,0.41806,6.97663E+17,0.041806,0.010969476
332,0.43623,7.29083E+17,0.043623,0.011463503
332.5,0.43919,7.35136E+17,0.043919,0.011558669
333,0.42944,7.19896E+17,0.042944,0.011319063
333.5,0.40724,6.83706E+17,0.040724,0.010750038
334,0.41497,6.97729E+17,0.041497,0.010970512
334.5,0.44509,7.49492E+17,0.044509,0.011784406
335,0.46388,7.82301E+17,0.046388,0.012300257
335.5,0.45313,7.65312E+17,0.045313,0.012033143
336,0.41519,7.02279E+17,0.041519,0.011042055
336.5,0.38214,6.47338E+17,0.038214,0.010178208
337,0.3738,6.34151E+17,0.03738,0.009970867
337.5,0.40051,6.80472E+17,0.040051,0.01069919
338,0.43411,7.38652E+17,0.043411,0.011613957
338.5,0.45527,7.75802E+17,0.045527,0.012198079
339,0.46355,7.91079E+17,0.046355,0.012438271
339.5,0.47446,8.10891E+17,0.047446,0.012749793
340,0.5018,8.58881E+17,0.05018,0.013504338
340.5,0.50071,8.58275E+17,0.050071,0.013494821
341,0.47139,8.09204E+17,0.047139,0.012723262
341.5,0.46935,8.06884E+17,0.046935,0.012686776
342,0.48934,8.42481E+17,0.048934,0.013246482
342.5,0.50767,8.75317E+17,0.050767,0.013762769
343,0.51489,8.89062E+17,0.051489,0.013978878
343.5,0.48609,8.40556E+17,0.048609,0.013216217
344,0.41843,7.2461E+17,0.041843,0.011393181
344.5,0.40307,6.99025E+17,0.040307,0.010990905
345,0.45898,7.97143E+17,0.045898,0.012533622
345.5,0.48932,8.51068E+17,0.048932,0.013381499
346,0.47778,8.32199E+17,0.047778,0.013084822
346.5,0.48657,8.48735E+17,0.048657,0.013344807
347,0.49404,8.63008E+17,0.049404,0.013569234
347.5,0.47674,8.33988E+17,0.047674,0.013112942
348,0.47511,8.32332E+17,0.047511,0.013086911
348.5,0.48336,8.48002E+17,0.048336,0.013333287
349,0.46564,8.18086E+17,0.046564,0.012862916
349.5,0.47805,8.41093E+17,0.047805,0.013224652
350,0.52798,9.3027E+17,0.052798,0.014626798
350.5,0.56741,1.00117E+18,0.056741,0.015741595
351,0.55172,9.74875E+17,0.055172,0.015328144
351.5,0.53022,9.3822E+17,0.053022,0.014751805
352,0.51791,9.17741E+17,0.051791,0.014429813
352.5,0.48962,8.68844E+17,0.048962,0.013660985
353,0.5204,9.24773E+17,0.05204,0.014540379
353.5,0.57228,1.01841E+18,0.057228,0.016012595
354,0.60498,1.07812E+18,0.060498,0.016951495
354.5,0.61156,1.09139E+18,0.061156,0.01716007
355,0.6114,1.09264E+18,0.06114,0.017179777
355.5,0.59028,1.05638E+18,0.059028,0.016609686
356,0.55387,9.92616E+17,0.055387,0.015607077
356.5,0.51942,9.32184E+17,0.051942,0.014656894
357,0.45673,8.20826E+17,0.045673,0.012905995
357.5,0.46215,8.3173E+17,0.046215,0.01307744
358,0.43006,7.7506E+17,0.043006,0.012186411
358.5,0.39926,7.20557E+17,0.039926,0.011329447
359,0.46953,8.48557E+17,0.046953,0.013342018
359.5,0.56549,1.0234E+18,0.056549,0.016091168
360,0.59817,1.08405E+18,0.059817,0.017044759
360.5,0.56531,1.02592E+18,0.056531,0.016130791
361,0.52024,9.45441E+17,0.052024,0.014865334
361.5,0.50956,9.27314E+17,0.050956,0.014580331
362,0.5342,9.735E+17,0.05342,0.01530651
362.5,0.5851,1.06773E+18,0.05851,0.016788112
363,0.60191,1.09992E+18,0.060191,0.017294258
363.5,0.58541,1.07124E+18,0.058541,0.016843343
364,0.60628,1.11096E+18,0.060628,0.017467806
364.5,0.60058,1.10203E+18,0.060058,0.01732735
365,0.62359,1.14582E+18,0.062359,0.018015891
365.5,0.68628,1.26273E+18,0.068628,0.019854203
366,0.73532,1.35482E+18,0.073532,0.02130204
366.5,0.73658,1.35899E+18,0.073658,0.021367693
367,0.72285,1.33548E+18,0.072285,0.020998003
367.5,0.70914,1.31194E+18,0.070914,0.020627807
368,0.66759,1.23675E+18,0.066759,0.019445601
368.5,0.6631,1.2301E+18,0.06631,0.019341059
369,0.69315,1.28759E+18,0.069315,0.020244979
369.5,0.74469,1.3852E+18,0.074469,0.021779791
370,0.75507,1.40641E+18,0.075507,0.022113255
370.5,0.68261,1.27316E+18,0.068261,0.02001818
371,0.69338,1.295E+18,0.069338,0.020361462
371.5,0.72051,1.34748E+18,0.072051,0.021186664
372,0.67444,1.26302E+18,0.067444,0.019858663
372.5,0.64253,1.20488E+18,0.064253,0.018944512
373,0.61886,1.16205E+18,0.061886,0.018271112
373.5,0.55786,1.04891E+18,0.055786,0.016492237
374,0.5564,1.04757E+18,0.05564,0.016471095
374.5,0.55227,1.04118E+18,0.055227,0.016370691
375,0.5893,1.11248E+18,0.05893,0.017491677
375.5,0.65162,1.23176E+18,0.065162,0.019367256
376,0.6748,1.27728E+18,0.06748,0.020082911
376.5,0.6639,1.25832E+18,0.06639,0.019784787
377,0.71225,1.35175E+18,0.071225,0.021253847
377.5,0.79455,1.50995E+18,0.079455,0.02374116
378,0.85595,1.62878E+18,0.085595,0.025609667
378.5,0.83418,1.58946E+18,0.083418,0.024991332
379,0.74389,1.41929E+18,0.074389,0.022315759
379.5,0.66683,1.27394E+18,0.066683,0.020030447
380,0.70077,1.34055E+18,0.070077,0.021077681
380.5,0.75075,1.43805E+18,0.075075,0.022610686
381,0.76383,1.46502E+18,0.076383,0.023034852
381.5,0.68837,1.32203E+18,0.068837,0.020786445
382,0.58678,1.1284E+18,0.058678,0.017741993
382.5,0.50762,9.77448E+17,0.050762,0.015368586
383,0.45499,8.77251E+17,0.045499,0.013793179
383.5,0.44049,8.50403E+17,0.044049,0.013371039
384,0.50968,9.85263E+17,0.050968,0.015491467
384.5,0.61359,1.18768E+18,0.061359,0.018674043
385,0.67355,1.30543E+18,0.067355,0.020525527
385.5,0.64363,1.24906E+18,0.064363,0.019639227
386,0.621,1.20671E+18,0.0621,0.01897329
386.5,0.6457,1.25633E+18,0.06457,0.019753498
387,0.65147,1.2692E+18,0.065147,0.019955799
387.5,0.64204,1.25244E+18,0.064204,0.019692349
388,0.63582,1.24191E+18,0.063582,0.019526736
388.5,0.63136,1.23479E+18,0.063136,0.019414751
389,0.68543,1.34226E+18,0.068543,0.021104567
389.5,0.7597,1.48961E+18,0.07597,0.023421426
390,0.79699,1.56473E+18,0.079699,0.024602612
390.5,0.80371,1.57995E+18,0.080371,0.024841862
391,0.85138,1.67581E+18,0.085138,0.026348988
391.5,0.86344,1.70172E+18,0.086344,0.026756399
392,0.79493,1.56869E+18,0.079493,0.024664862
392.5,0.66257,1.30917E+18,0.066257,0.020584256
393,0.47975,9.49141E+17,0.047975,0.01492352
393.5,0.38152,7.55763E+17,0.038152,0.011882991
394,0.49567,9.83133E+17,0.049567,0.015457975
394.5,0.68385,1.3581E+18,0.068385,0.021353624
395,0.80772,1.60613E+18,0.080772,0.025253505
395.5,0.86038,1.71301E+18,0.086038,0.02693398
396,0.75655,1.50819E+18,0.075655,0.023713549
396.5,0.55017,1.09815E+18,0.055017,0.017266481
397,0.42619,8.5176E+17,0.042619,0.013392372
397.5,0.62945,1.25957E+18,0.062945,0.019804419
398,0.85249,1.70803E+18,0.085249,0.026855677
398.5,1.0069,2.01994E+18,0.10069,0.031759847
399,1.0693,2.14781E+18,0.10693,0.0337704
399.5,1.1021,2.21647E+18,0.11021,0.034849899
400,1.1141,2.2434E+18,0.11141,0.035273447
401,1.1603,2.34228E+18,0.11603,0.036828023
402,1.2061,2.4408E+18,0.12061,0.038377184
403,1.1613,2.35599E+18,0.11613,0.037043602
404,1.1801,2.40007E+18,0.11801,0.0377367
405,1.1511,2.34688E+18,0.11511,0.036900463
406,1.1227,2.29463E+18,0.11227,0.036078917
407,1.1026,2.2591E+18,0.11026,0.03552026
408,1.1514,2.36488E+18,0.11514,0.037183488
409,1.2299,2.53231E+18,0.12299,0.039815929
410,1.0485,2.16409E+18,0.10485,0.034026402
411,1.1738,2.42862E+18,0.11738,0.038185604
412,1.2478,2.58801E+18,0.12478,0.04069171
413,1.1971,2.48888E+18,0.11971,0.039133097
414,1.1842,2.46802E+18,0.11842,0.038805129
415,1.2258,2.56089E+18,0.12258,0.040265348
416,1.2624,2.64371E+18,0.12624,0.041567514
417,1.2312,2.58457E+18,0.12312,0.040637633
418,1.1777,2.47819E+18,0.11777,0.038965001
419,1.2258,2.58557E+18,0.12258,0.040653447
420,1.1232,2.37481E+18,0.11232,0.03733964
421,1.2757,2.70367E+18,0.12757,0.042510322
422,1.2583,2.67313E+18,0.12583,0.042030096
423,1.2184,2.5945E+18,0.12184,0.040793784
424,1.2117,2.58633E+18,0.12117,0.040665368
425,1.2488,2.67181E+18,0.12488,0.042009311
426,1.2135,2.60239E+18,0.12135,0.040917879
427,1.1724,2.52015E+18,0.11724,0.039624831
428,1.1839,2.55083E+18,0.11839,0.040107217
429,1.0963,2.36761E+18,0.10963,0.037226349
430,0.87462,1.89326E+18,0.087462,0.029768133
431,0.79394,1.72262E+18,0.079394,0.027084991
432,1.3207,2.87218E+18,0.13207,0.045159764
433,1.2288,2.6785E+18,0.12288,0.042114615
434,1.1352,2.48019E+18,0.11352,0.03899652
435,1.2452,2.72679E+18,0.12452,0.042873813
436,1.3659,2.99798E+18,0.13659,0.047137781
437,1.3943,3.06733E+18,0.13943,0.048228239
438,1.2238,2.69841E+18,0.12238,0.042427584
439,1.1775,2.60225E+18,0.11775,0.040915624
440,1.3499,2.99004E+18,0.13499,0.047013005
441,1.3313,2.95555E+18,0.13313,0.046470598
442,1.425,3.17074E+18,0.1425,0.049854099
443,1.4453,3.22318E+18,0.14453,0.0506787
444,1.4084,3.14798E+18,0.14084,0.049496299
445,1.4619,3.27492E+18,0.14619,0.051492196
446,1.3108,2.94303E+18,0.13108,0.046273786
447,1.4903,3.35355E+18,0.14903,0.052728445
448,1.5081,3.40119E+18,0.15081,0.053477598
449,1.5045,3.40065E+18,0.15045,0.053469026
450,1.5595,3.53282E+18,0.15595,0.055547131
451,1.6173,3.6719E+18,0.16173,0.057733896
452,1.5482,3.52281E+18,0.15482,0.055389729
453,1.4297,3.26037E+18,0.14297,0.051263335
454,1.5335,3.5048E+18,0.15335,0.055106569
455,1.5224,3.48709E+18,0.15224,0.05482819
456,1.5724,3.60953E+18,0.15724,0.056753365
457,1.5854,3.64736E+18,0.15854,0.057348068
458,1.5514,3.57695E+18,0.15514,0.056240996
459,1.5391,3.55634E+18,0.15391,0.055916923
460,1.5291,3.54093E+18,0.15291,0.055674645
461,1.5827,3.67302E+18,0.15827,0.0577515
462,1.5975,3.7154E+18,0.15975,0.058417986
463,1.6031,3.7365E+18,0.16031,0.058749658
464,1.5544,3.63081E+18,0.15544,0.057087958
465,1.535,3.59323E+18,0.1535,0.056496959
466,1.5673,3.67673E+18,0.15673,0.057809843
467,1.4973,3.52005E+18,0.14973,0.055346408
468,1.5619,3.67978E+18,0.15619,0.05785792
469,1.5682,3.70252E+18,0.15682,0.058215419
470,1.5077,3.56727E+18,0.15077,0.056088849
471,1.5331,3.63509E+18,0.15331,0.057155118
472,1.6126,3.8317E+18,0.16126,0.060246579
473,1.5499,3.69052E+18,0.15499,0.058026792
474,1.5671,3.73937E+18,0.15671,0.058794783
475,1.6185,3.87017E+18,0.16185,0.060851327
476,1.5631,3.74556E+18,0.15631,0.058892156
477,1.5724,3.77576E+18,0.15724,0.059367007
478,1.623,3.90544E+18,0.1623,0.061405908
479,1.5916,3.83789E+18,0.15916,0.060343873
480,1.6181,3.90994E+18,0.16181,0.06147667
481,1.6177,3.91712E+18,0.16177,0.061589517
482,1.6236,3.93958E+18,0.16236,0.061942655
483,1.6038,3.89961E+18,0.16038,0.061314202
484,1.5734,3.83361E+18,0.15734,0.06027653
485,1.5683,3.82908E+18,0.15683,0.060205285
486,1.2716,3.11107E+18,0.12716,0.048915954
487,1.4241,3.49134E+18,0.14241,0.05489505
488,1.5413,3.78643E+18,0.15413,0.059534778
489,1.4519,3.57412E+18,0.14519,0.056196505
490,1.6224,4.002E+18,0.16224,0.062924208
491,1.5595,3.8547E+18,0.15595,0.060608092
492,1.4869,3.68273E+18,0.14869,0.057904272
493,1.5903,3.94684E+18,0.15903,0.062056849
494,1.5525,3.86084E+18,0.15525,0.060704697
495,1.6485,4.10788E+18,0.16485,0.0645889
496,1.5676,3.91417E+18,0.15676,0.061543284
497,1.5944,3.98912E+18,0.15944,0.062721641
498,1.5509,3.88809E+18,0.15509,0.061133165
499,1.5507,3.8954E+18,0.15507,0.061248022
500,1.5451,3.88911E+18,0.15451,0.061149137
501,1.4978,3.77759E+18,0.14978,0.059395739
502,1.4966,3.7821E+18,0.14966,0.059466612
503,1.5653,3.96359E+18,0.15653,0.062320268
504,1.4587,3.70101E+18,0.14587,0.058191595
505,1.5635,3.97478E+18,0.15635,0.062496112
506,1.6264,4.14287E+18,0.16264,0.06513908
507,1.556,3.97137E+18,0.1556,0.062442645
508,1.5165,3.87819E+18,0.15165,0.060977535
509,1.5893,4.07237E+18,0.15893,0.064030575
510,1.5481,3.97459E+18,0.15481,0.062493223
511,1.5769,4.05647E+18,0.15769,0.063780628
512,1.6186,4.17189E+18,0.16186,0.065595377
513,1.5206,3.92695E+18,0.15206,0.061744189
514,1.4885,3.85155E+18,0.14885,0.060558582
515,1.5314,3.97026E+18,0.15314,0.062425152
516,1.5455,4.0146E+18,0.15455,0.063122247
517,1.2594,3.27776E+18,0.12594,0.051536862
518,1.4403,3.75583E+18,0.14403,0.059053611
519,1.3957,3.64655E+18,0.13957,0.057335443
520,1.5236,3.98839E+18,0.15236,0.06271018
521,1.5346,4.02491E+18,0.15346,0.063284398
522,1.569,4.12303E+18,0.1569,0.064827188
523,1.4789,3.89371E+18,0.14789,0.061221538
524,1.5905,4.19554E+18,0.15905,0.065967298
525,1.5781,4.17078E+18,0.15781,0.065577909
526,1.5341,4.06221E+18,0.15341,0.063870917
527,1.3417,3.5595E+18,0.13417,0.055966709
528,1.5357,4.08191E+18,0.15357,0.06418064
529,1.6071,4.27978E+18,0.16071,0.067291826
530,1.5446,4.12112E+18,0.15446,0.06479711
531,1.6292,4.35504E+18,0.16292,0.068475098
532,1.5998,4.2845E+18,0.15998,0.067366047
533,1.4286,3.8332E+18,0.14286,0.060270056
534,1.5302,4.11351E+18,0.15302,0.064677495
535,1.5535,4.18397E+18,0.15535,0.065785288
536,1.6199,4.37095E+18,0.16199,0.068725314
537,1.4989,4.05201E+18,0.14989,0.063710452
538,1.5738,4.26241E+18,0.15738,0.067018631
539,1.5352,4.16559E+18,0.15352,0.065496405
540,1.4825,4.03006E+18,0.14825,0.063365403
541,1.4251,3.8812E+18,0.14251,0.061024797
542,1.5511,4.23216E+18,0.15511,0.066543068
543,1.5256,4.17027E+18,0.15256,0.065569859
544,1.5792,4.32473E+18,0.15792,0.067998569
545,1.5435,4.23474E+18,0.15435,0.066583539
546,1.5291,4.20293E+18,0.15291,0.066083383
547,1.549,4.26542E+18,0.1549,0.067066012
548,1.5049,4.15156E+18,0.15049,0.06527576
549,1.552,4.28931E+18,0.1552,0.06744159
550,1.5399,4.26362E+18,0.15399,0.067037676
551,1.5382,4.26666E+18,0.15382,0.06708542
552,1.5697,4.36193E+18,0.15697,0.068583473
553,1.525,4.2454E+18,0.1525,0.066751144
554,1.5549,4.33646E+18,0.15549,0.068182978
555,1.5634,4.36804E+18,0.15634,0.068679453
556,1.5366,4.3009E+18,0.15366,0.067623767
557,1.4988,4.20264E+18,0.14988,0.066078872
558,1.531,4.30064E+18,0.1531,0.067619683
559,1.4483,4.07562E+18,0.14483,0.064081708
560,1.474,4.15536E+18,0.1474,0.065335505
561,1.5595,4.40425E+18,0.15595,0.069248756
562,1.4847,4.20047E+18,0.14847,0.06604482
563,1.5408,4.36695E+18,0.15408,0.068662309
564,1.5106,4.28896E+18,0.15106,0.067436081
565,1.5201,4.32358E+18,0.15201,0.067980499
566,1.4374,4.0956E+18,0.14374,0.06439584
567,1.532,4.37286E+18,0.1532,0.068755202
568,1.518,4.34054E+18,0.1518,0.068247044
569,1.4807,4.24134E+18,0.14807,0.066687292
570,1.4816,4.25137E+18,0.14816,0.066845098
571,1.4331,4.11942E+18,0.14331,0.064770365
572,1.5134,4.35786E+18,0.15134,0.068519391
573,1.5198,4.38394E+18,0.15198,0.068929448
574,1.5119,4.36876E+18,0.15119,0.06869082
575,1.4777,4.27738E+18,0.14777,0.067253959
576,1.4654,4.24915E+18,0.14654,0.066810144
577,1.5023,4.36371E+18,0.15023,0.06861139
578,1.456,4.23655E+18,0.1456,0.066612073
579,1.477,4.30509E+18,0.1477,0.067689732
580,1.502,4.38552E+18,0.1502,0.068954349
581,1.5089,4.41326E+18,0.15089,0.06939055
582,1.532,4.48854E+18,0.1532,0.070574123
583,1.5479,4.54292E+18,0.15479,0.071429103
584,1.5448,4.5416E+18,0.15448,0.071408325
585,1.5324,4.51285E+18,0.15324,0.070956429
586,1.4953,4.41112E+18,0.14953,0.069356902
587,1.5281,4.51558E+18,0.15281,0.070999226
588,1.4934,4.42055E+18,0.14934,0.069505186
589,1.2894,3.82319E+18,0.12894,0.060112764
590,1.3709,4.07175E+18,0.13709,0.064020863
591,1.4662,4.36218E+18,0.14662,0.068587415
592,1.4354,4.27778E+18,0.14354,0.067260236
593,1.4561,4.3468E+18,0.14561,0.068345454
594,1.4491,4.33319E+18,0.14491,0.068131592
595,1.4308,4.28567E+18,0.14308,0.067384442
596,1.4745,4.42399E+18,0.14745,0.069559232
597,1.4788,4.44434E+18,0.14788,0.069879134
598,1.4607,4.39729E+18,0.14607,0.069139455
599,1.4606,4.40435E+18,0.14606,0.069250332
600,1.4753,4.4561E+18,0.14753,0.070064065
601,1.4579,4.41088E+18,0.14579,0.069353111
602,1.436,4.35185E+18,0.1436,0.068424979
603,1.4664,4.45136E+18,0.14664,0.069989599
604,1.4921,4.53689E+18,0.14921,0.071334333
605,1.4895,4.53648E+18,0.14895,0.07132793
606,1.4822,4.52171E+18,0.14822,0.071095673
607,1.4911,4.55637E+18,0.14911,0.071640598
608,1.4862,4.54888E+18,0.14862,0.071522811
609,1.4749,4.52171E+18,0.14749,0.071095745
610,1.4686,4.50979E+18,0.14686,0.070908304
611,1.4611,4.49412E+18,0.14611,0.070661831
612,1.4831,4.56925E+18,0.14831,0.071843188
613,1.4621,4.51191E+18,0.14621,0.070941651
614,1.4176,4.38173E+18,0.14176,0.0688947
615,1.4697,4.55016E+18,0.14697,0.071543066
616,1.431,4.43755E+18,0.1431,0.069772468
617,1.4128,4.38823E+18,0.14128,0.068996902
618,1.4664,4.56209E+18,0.14664,0.071730633
619,1.4733,4.59098E+18,0.14733,0.07218477
620,1.4739,4.60027E+18,0.14739,0.07233083
621,1.4802,4.62738E+18,0.14802,0.07275716
622,1.4269,4.46794E+18,0.14269,0.070250216
623,1.4165,4.44251E+18,0.14165,0.069850314
624,1.4118,4.43487E+18,0.14118,0.069730296
625,1.4026,4.41303E+18,0.14026,0.069386917
626,1.4012,4.41568E+18,0.14012,0.069428567
627,1.4417,4.55057E+18,0.14417,0.07154943
628,1.3631,4.30934E+18,0.13631,0.067756521
629,1.4114,4.46914E+18,0.14114,0.070269117
630,1.3924,4.41599E+18,0.13924,0.069433379
631,1.4161,4.49828E+18,0.14161,0.07072729
632,1.3638,4.33901E+18,0.13638,0.068223108
633,1.4508,4.62311E+18,0.14508,0.072690055
634,1.4284,4.55892E+18,0.14284,0.071680799
635,1.4458,4.62174E+18,0.14458,0.072668414
636,1.4128,4.52336E+18,0.14128,0.071121604
637,1.461,4.68504E+18,0.1461,0.073663676
638,1.4707,4.72355E+18,0.14707,0.07426916
639,1.4646,4.71133E+18,0.14646,0.074077041
640,1.434,4.62011E+18,0.1434,0.072642848
641,1.4348,4.62991E+18,0.14348,0.072796942
642,1.4376,4.64618E+18,0.14376,0.073052794
643,1.4525,4.70165E+18,0.14525,0.073924918
644,1.4462,4.68854E+18,0.14462,0.07371875
645,1.4567,4.72991E+18,0.14567,0.074369279
646,1.415,4.60164E+18,0.1415,0.072352359
647,1.4086,4.58791E+18,0.14086,0.072136606
648,1.3952,4.55129E+18,0.13952,0.071560804
649,1.3519,4.41685E+18,0.13519,0.069446922
650,1.3594,4.4482E+18,0.13594,0.069939796
651,1.4447,4.73459E+18,0.14447,0.074442749
652,1.3871,4.5528E+18,0.13871,0.071584518
653,1.4311,4.70442E+18,0.14311,0.073968515
654,1.4153,4.65961E+18,0.14153,0.073263893
655,1.3499,4.45109E+18,0.13499,0.069985269
656,1.1851,3.91365E+18,0.11851,0.061535053
657,1.2393,4.09888E+18,0.12393,0.064447423
658,1.3855,4.5894E+18,0.13855,0.07215994
659,1.3905,4.61296E+18,0.13905,0.072530412
660,1.3992,4.64887E+18,0.13992,0.073094966
661,1.3933,4.63628E+18,0.13933,0.07289703
662,1.3819,4.6053E+18,0.13819,0.072409966
663,1.3844,4.6206E+18,0.13844,0.072650542
664,1.3967,4.66868E+18,0.13967,0.073406573
665,1.4214,4.7584E+18,0.14214,0.074817242
666,1.4203,4.76187E+18,0.14203,0.074871762
667,1.4102,4.73511E+18,0.14102,0.074450957
668,1.415,4.75835E+18,0.1415,0.074816371
669,1.4394,4.84765E+18,0.14394,0.076220423
670,1.4196,4.78811E+18,0.14196,0.07528432
671,1.4169,4.78614E+18,0.14169,0.075253284
672,1.3972,4.72663E+18,0.13972,0.074317585
673,1.4094,4.77499E+18,0.14094,0.075078065
674,1.4074,4.7753E+18,0.14074,0.075082925
675,1.3958,4.74297E+18,0.13958,0.074574561
676,1.412,4.80513E+18,0.1412,0.075551855
677,1.3991,4.76827E+18,0.13991,0.074972357
678,1.4066,4.80091E+18,0.14066,0.075485589
679,1.3947,4.76732E+18,0.13947,0.074957365
680,1.3969,4.78187E+18,0.13969,0.075186171
681,1.3915,4.77039E+18,0.13915,0.075005664
682,1.3981,4.80005E+18,0.13981,0.075472085
683,1.383,4.75517E+18,0.1383,0.074766426
684,1.3739,4.7308E+18,0.13739,0.074383218
685,1.3748,4.74082E+18,0.13748,0.074540763
686,1.3438,4.64068E+18,0.13438,0.072966328
687,0.96824,3.3486E+18,0.096824,0.052650621
688,1.1206,3.88117E+18,0.11206,0.061024298
689,1.1278,3.91178E+18,0.11278,0.061505655
690,1.1821,4.10607E+18,0.11821,0.064560524
691,1.2333,4.29013E+18,0.12333,0.067454436
692,1.2689,4.42035E+18,0.12689,0.069501989
693,1.2609,4.39883E+18,0.12609,0.069163604
694,1.2464,4.35452E+18,0.12464,0.068466898
695,1.2714,4.44826E+18,0.12714,0.069940825
696,1.2684,4.44415E+18,0.12684,0.069876189
697,1.3403,4.70282E+18,0.13403,0.07394325
698,1.3192,4.63542E+18,0.13192,0.072883598
699,1.2918,4.54565E+18,0.12918,0.071472043
700,1.2823,4.51867E+18,0.12823,0.071047929
701,1.2659,4.46725E+18,0.12659,0.070239459
702,1.2674,4.47893E+18,0.12674,0.070423005
703,1.2747,4.51114E+18,0.12747,0.070929525
704,1.3078,4.63487E+18,0.13078,0.07287486
705,1.3214,4.68972E+18,0.13214,0.073737288
706,1.3144,4.67149E+18,0.13144,0.073450709
707,1.309,4.65889E+18,0.1309,0.073252559
708,1.3048,4.65051E+18,0.13048,0.073120802
709,1.3095,4.67385E+18,0.13095,0.073487839
710,1.3175,4.70904E+18,0.13175,0.074041074
711,1.3155,4.70851E+18,0.13155,0.074032803
712,1.3071,4.68503E+18,0.13071,0.073663533
713,1.2918,4.63669E+18,0.12918,0.072903529
714,1.3029,4.68309E+18,0.13029,0.073633091
715,1.2587,4.53056E+18,0.12587,0.071234768
716,1.2716,4.58339E+18,0.12716,0.072065479
717,1.1071,3.99604E+18,0.11071,0.062830389
718,1.0296,3.72149E+18,0.10296,0.058513586
719,0.92318,3.34148E+18,0.092318,0.052538663
720,0.9855,3.57201E+18,0.09855,0.056163332
721,1.0861,3.94211E+18,0.10861,0.061982461
722,1.2407,4.50949E+18,0.12407,0.070903507
723,1.1444,4.16523E+18,0.11444,0.065490738
724,1.0555,3.84698E+18,0.10555,0.060486791
725,1.038,3.78842E+18,0.1038,0.059566091
726,1.0813,3.9519E+18,0.10813,0.062136468
727,1.085,3.97089E+18,0.1085,0.062434967
728,1.04,3.81143E+18,0.104,0.059927817
729,1.0466,3.84089E+18,0.10466,0.060390969
730,1.1285,4.14713E+18,0.11285,0.06520609
731,1.0703,3.93864E+18,0.10703,0.061927941
732,1.1534,4.25025E+18,0.11534,0.066827431
733,1.1962,4.41399E+18,0.11962,0.069401924
734,1.2357,4.56596E+18,0.12357,0.07179147
735,1.2178,4.50595E+18,0.12178,0.070847911
736,1.2059,4.46799E+18,0.12059,0.070251055
737,1.2039,4.46664E+18,0.12039,0.070229834
738,1.2269,4.55815E+18,0.12269,0.071668657
739,1.1905,4.42891E+18,0.11905,0.069636603
740,1.2195,4.54294E+18,0.12195,0.071429443
741,1.2148,4.53155E+18,0.12148,0.071250305
742,1.2153,4.53953E+18,0.12153,0.071375825
743,1.2405,4.6399E+18,0.12405,0.072954036
744,1.2503,4.68285E+18,0.12503,0.07362934
745,1.2497,4.6869E+18,0.12497,0.073692923
746,1.247,4.68305E+18,0.1247,0.073632411
747,1.2477,4.69196E+18,0.12477,0.073772502
748,1.2401,4.66962E+18,0.12401,0.073421296
749,1.2357,4.65927E+18,0.12357,0.073258598
750,1.2341,4.65945E+18,0.12341,0.073261424
751,1.2286,4.64487E+18,0.12286,0.073032167
752,1.233,4.66771E+18,0.1233,0.073391313
753,1.2266,4.64966E+18,0.12266,0.073107457
754,1.242,4.71429E+18,0.1242,0.07412363
755,1.2383,4.70648E+18,0.12383,0.074000825
756,1.2232,4.65525E+18,0.12232,0.073195268
757,1.2221,4.65721E+18,0.12221,0.073226177
758,1.2295,4.6916E+18,0.12295,0.073766891
759,1.1945,4.56406E+18,0.11945,0.071761527
760,0.26604,1.01785E+18,0.026604,0.016003843
761,0.15396,5.89815E+17,0.015396,0.00927377
762,0.68766,2.63786E+18,0.068766,0.04147558
763,0.37952,1.45775E+18,0.037952,0.02292044
764,0.53878,2.07218E+18,0.053878,0.032581312
765,0.68601,2.64189E+18,0.068601,0.04153896
766,0.81461,3.14125E+18,0.081461,0.049390366
767,0.97417,3.76143E+18,0.097417,0.059141707
768,1.1138,4.30618E+18,0.11138,0.067706782
769,1.1278,4.36598E+18,0.11278,0.068647096
770,1.1608,4.49957E+18,0.11608,0.070747625
771,1.1686,4.53569E+18,0.11686,0.071315511
772,1.1778,4.57733E+18,0.11778,0.07197018
773,1.1771,4.58053E+18,0.11771,0.072020576
774,1.1771,4.58646E+18,0.11771,0.072113747
775,1.1771,4.59239E+18,0.11771,0.072206917
776,1.1798,4.60886E+18,0.11798,0.072465927
777,1.1727,4.58703E+18,0.11727,0.072122651
778,1.1713,4.58745E+18,0.11713,0.07212926
779,1.1765,4.61374E+18,0.11765,0.072542602
780,1.1636,4.569E+18,0.11636,0.071839294
781,1.1607,4.56346E+18,0.11607,0.071752123
782,1.1662,4.59096E+18,0.11662,0.07218443
783,1.1614,4.57791E+18,0.11614,0.071979251
784,1.1536,4.55297E+18,0.11536,0.071587146
785,1.1586,4.57853E+18,0.11586,0.071989129
786,1.1592,4.58674E+18,0.11592,0.072118163
787,1.145,4.53632E+18,0.1145,0.071325358
788,1.1305,4.48456E+18,0.11305,0.070511592
789,1.1257,4.47119E+18,0.11257,0.070301308
790,1.091,4.33886E+18,0.1091,0.068220607
791,1.1058,4.40328E+18,0.11058,0.069233583
792,1.0953,4.36698E+18,0.10953,0.068662879
793,1.0875,4.34136E+18,0.10875,0.068259985
794,1.0972,4.38561E+18,0.10972,0.068955679
795,1.0932,4.37512E+18,0.10932,0.068790821
796,1.0742,4.30449E+18,0.10742,0.06768025
797,1.0913,4.3785E+18,0.10913,0.068844019
798,1.1121,4.46756E+18,0.11121,0.0702442
799,1.0905,4.38627E+18,0.10905,0.068966183
800,1.0725,4.31927E+18,0.10725,0.067912705
801,1.0843,4.37225E+18,0.10843,0.068745728
802,1.0856,4.38296E+18,0.10856,0.068914077
803,1.0657,4.30798E+18,0.10657,0.067735174
804,1.0782,4.36394E+18,0.10782,0.068615007
805,1.0545,4.27332E+18,0.10545,0.067190242
806,1.0974,4.4527E+18,0.10974,0.07001059
807,1.0859,4.4115E+18,0.10859,0.069362878
808,1.0821,4.40151E+18,0.10821,0.069205801
809,1.0548,4.29578E+18,0.10548,0.067543316
810,1.0559,4.30557E+18,0.10559,0.067697331
811,1.0533,4.30028E+18,0.10533,0.067614007
812,1.0268,4.19725E+18,0.10268,0.065994179
813,1.0086,4.12793E+18,0.10086,0.064904267
814,0.90356,3.70258E+18,0.090356,0.058216372
815,0.89523,3.67295E+18,0.089523,0.05775053
816,0.83216,3.41838E+18,0.083216,0.053747805
817,0.85183,3.50347E+18,0.085183,0.055085681
818,0.82259,3.38735E+18,0.082259,0.053259915
819,0.90519,3.73205E+18,0.090519,0.058679633
820,0.86188,3.55782E+18,0.086188,0.055940249
821,0.99764,4.12326E+18,0.099764,0.064830706
822,0.95157,3.93764E+18,0.095157,0.061912209
823,0.67271,2.78709E+18,0.067271,0.043821926
824,0.93506,3.87873E+18,0.093506,0.060986039
825,0.96935,4.02585E+18,0.096935,0.063299212
826,0.93381,3.88295E+18,0.093381,0.061052339
827,0.98465,4.09931E+18,0.098465,0.064454187
828,0.84979,3.54214E+18,0.084979,0.055693651
829,0.9293,3.87823E+18,0.09293,0.060978145
830,0.91601,3.82738E+18,0.091601,0.060178595
831,0.92392,3.86508E+18,0.092392,0.060771385
832,0.89426,3.74551E+18,0.089426,0.058891263
833,0.9565,4.01101E+18,0.09565,0.063065772
834,0.93412,3.92186E+18,0.093412,0.061664109
835,1.0032,4.21694E+18,0.10032,0.066303696
836,0.97234,4.09211E+18,0.097234,0.064341054
837,1.0092,4.25232E+18,0.10092,0.06686001
838,0.99901,4.21441E+18,0.099901,0.066263992
839,1.0013,4.22911E+18,0.10013,0.066495142
840,1.0157,4.29505E+18,0.10157,0.067531824
841,1.0101,4.27645E+18,0.10101,0.067239443
842,0.99703,4.22614E+18,0.099703,0.066448328
843,1.0053,4.26625E+18,0.10053,0.067079064
844,0.98631,4.19063E+18,0.098631,0.065890017
845,1.0165,4.32402E+18,0.10165,0.067987306
846,1.0187,4.3385E+18,0.10187,0.068215082
847,0.9917,4.22851E+18,0.09917,0.06648558
848,0.99217,4.23551E+18,0.099217,0.066595622
849,0.98596,4.21396E+18,0.098596,0.066256841
850,0.89372,3.82423E+18,0.089372,0.060129022
851,0.97493,4.17663E+18,0.097493,0.065669957
852,0.96927,4.15726E+18,0.096927,0.065365427
853,0.96486,4.14321E+18,0.096486,0.065144398
854,0.85112,3.65908E+18,0.085112,0.057532389
855,0.913,3.92971E+18,0.0913,0.061787501
856,0.97317,4.19359E+18,0.097317,0.065936549
857,0.99166,4.27826E+18,0.099166,0.06726782
858,0.99196,4.28455E+18,0.099196,0.067366686
859,0.99171,4.28846E+18,0.099171,0.067428204
860,0.98816,4.27808E+18,0.098816,0.067265049
861,0.98679,4.27712E+18,0.098679,0.067249898
862,0.99449,4.3155E+18,0.099449,0.06785337
863,1.0005,4.34662E+18,0.10005,0.068342621
864,0.97916,4.25883E+18,0.097916,0.066962421
865,0.96324,4.19444E+18,0.096324,0.065949932
866,0.849,3.70125E+18,0.0849,0.058195489
867,0.91546,3.9956E+18,0.091546,0.062823512
868,0.9592,4.19133E+18,0.09592,0.065901095
869,0.94956,4.15399E+18,0.094956,0.065313947
870,0.96755,4.23756E+18,0.096755,0.066627943
871,0.95387,4.18245E+18,0.095387,0.065761405
872,0.96686,4.24427E+18,0.096686,0.066733487
873,0.95721,4.20673E+18,0.095721,0.066143201
874,0.94042,4.13768E+18,0.094042,0.065057449
875,0.92687,4.08273E+18,0.092687,0.064193435
876,0.95277,4.20161E+18,0.095277,0.066062639
877,0.95615,4.22133E+18,0.095615,0.066372681
878,0.95237,4.20943E+18,0.095237,0.066185669
879,0.93656,4.14427E+18,0.093656,0.065161072
880,0.93957,4.16232E+18,0.093957,0.065444861
881,0.90861,4.02974E+18,0.090861,0.06336029
882,0.93245,4.14016E+18,0.093245,0.065096536
883,0.92927,4.13072E+18,0.092927,0.064948086
884,0.93305,4.15222E+18,0.093305,0.065286129
885,0.94423,4.20673E+18,0.094423,0.066143139
886,0.90752,4.04775E+18,0.090752,0.063643443
887,0.91062,4.06616E+18,0.091062,0.06393292
888,0.92228,4.12286E+18,0.092228,0.064824548
889,0.93455,4.18242E+18,0.093455,0.065760944
890,0.92393,4.13954E+18,0.092393,0.065086784
891,0.92584,4.15276E+18,0.092584,0.065294618
892,0.90881,4.08095E+18,0.090881,0.064165516
893,0.87327,3.92576E+18,0.087327,0.061725375
894,0.8513,3.83128E+18,0.08513,0.060239851
895,0.81357,3.66557E+18,0.081357,0.05763439
896,0.76253,3.43944E+18,0.076253,0.054079004
897,0.66566,3.00586E+18,0.066566,0.047261624
898,0.7178,3.24491E+18,0.07178,0.051020361
899,0.54871,2.48328E+18,0.054871,0.039045079
900,0.7426,3.3645E+18,0.07426,0.052900672
901,0.59933,2.7184E+18,0.059933,0.042741971
902,0.66791,3.03283E+18,0.066791,0.047685707
903,0.68889,3.13156E+18,0.068889,0.049238109
904,0.84457,3.8435E+18,0.084457,0.060432119
905,0.81709,3.72256E+18,0.081709,0.058530497
906,0.77558,3.53735E+18,0.077558,0.055618406
907,0.63854,2.91554E+18,0.063854,0.045841533
908,0.65217,2.98105E+18,0.065217,0.046871668
909,0.70431,3.22293E+18,0.070431,0.050674734
910,0.62467,2.86164E+18,0.062467,0.044994122
911,0.66808,3.06387E+18,0.066808,0.048173765
912,0.68893,3.16296E+18,0.068893,0.049731742
913,0.62834,2.88794E+18,0.062834,0.045407671
914,0.62649,2.8826E+18,0.062649,0.045323567
915,0.67836,3.12467E+18,0.067836,0.049129808
916,0.57646,2.6582E+18,0.057646,0.041795391
917,0.73017,3.37067E+18,0.073017,0.052997705
918,0.59271,2.7391E+18,0.059271,0.043067402
919,0.73877,3.41781E+18,0.073877,0.053738866
920,0.74414,3.4464E+18,0.074414,0.054188386
921,0.78049,3.61868E+18,0.078049,0.056897176
922,0.70026,3.25023E+18,0.070026,0.051103892
923,0.74504,3.46182E+18,0.074504,0.054430839
924,0.7215,3.35607E+18,0.07215,0.052768171
925,0.7111,3.31128E+18,0.07111,0.052063834
926,0.70331,3.27854E+18,0.070331,0.051549151
927,0.78742,3.6746E+18,0.078742,0.057776325
928,0.58968,2.75478E+18,0.058968,0.043313982
929,0.55127,2.57812E+18,0.055127,0.040536273
930,0.4321,2.02298E+18,0.04321,0.031807604
931,0.40921,1.91787E+18,0.040921,0.030155023
932,0.30086,1.41157E+18,0.030086,0.022194435
933,0.24841,1.16674E+18,0.024841,0.018344862
934,0.1438,6.76128E+17,0.01438,0.010630887
935,0.25084,1.18068E+18,0.025084,0.018564025
936,0.16142,7.606E+17,0.016142,0.011959057
937,0.16338,7.70658E+17,0.016338,0.012117198
938,0.20058,9.47139E+17,0.020058,0.01489204
939,0.39887,1.88547E+18,0.039887,0.029645631
940,0.47181,2.23264E+18,0.047181,0.035104172
941,0.37195,1.76197E+18,0.037195,0.02770371
942,0.40532,1.92208E+18,0.040532,0.030221268
943,0.27834,1.32133E+18,0.027834,0.020775479
944,0.28579,1.35813E+18,0.028579,0.021354173
945,0.36821,1.75166E+18,0.036821,0.027541724
946,0.19461,9.26786E+17,0.019461,0.014572029
947,0.37112,1.76924E+18,0.037112,0.027818139
948,0.27423,1.30872E+18,0.027423,0.020577236
949,0.49396,2.35983E+18,0.049396,0.037104086
950,0.14726,7.04258E+17,0.014726,0.011073174
951,0.48378,2.31607E+18,0.048378,0.036415994
952,0.26891,1.28875E+18,0.026891,0.020263182
953,0.34362,1.64852E+18,0.034362,0.025920005
954,0.42411,2.03681E+18,0.042411,0.03202511
955,0.34117,1.6402E+18,0.034117,0.025789204
956,0.32821,1.57955E+18,0.032821,0.02483553
957,0.27067,1.30399E+18,0.027067,0.020502924
958,0.46101,2.22331E+18,0.046101,0.034957438
959,0.37385,1.80484E+18,0.037385,0.028377866
960,0.42066,2.03295E+18,0.042066,0.031964373
961,0.4612,2.23119E+18,0.04612,0.03508136
962,0.44174,2.13927E+18,0.044174,0.033636092
963,0.50503,2.44831E+18,0.050503,0.038495255
964,0.4586,2.22553E+18,0.04586,0.034992488
965,0.50374,2.44713E+18,0.050374,0.038476671
966,0.50275,2.44485E+18,0.050275,0.038440847
967,0.5024,2.44568E+18,0.05024,0.038453851
968,0.6521,3.1777E+18,0.06521,0.049963551
969,0.68622,3.34742E+18,0.068622,0.052632123
970,0.63461,3.09886E+18,0.063461,0.048723938
971,0.71397,3.48998E+18,0.071397,0.054873534
972,0.68765,3.36478E+18,0.068765,0.052905089
973,0.60648,2.97066E+18,0.060648,0.046708193
974,0.57529,2.82078E+18,0.057529,0.044351623
975,0.58987,2.89524E+18,0.058987,0.045522349
976,0.57191,2.80996E+18,0.057191,0.04418158
977,0.63864,3.14104E+18,0.063864,0.049387202
978,0.61509,3.02831E+18,0.061509,0.047614723
979,0.63815,3.14506E+18,0.063815,0.049450331
980,0.60468,2.98315E+18,0.060468,0.046904598
981,0.71338,3.523E+18,0.071338,0.055392846
982,0.69218,3.42179E+18,0.069218,0.053801486
983,0.66865,3.30884E+18,0.066865,0.052025481
984,0.73732,3.65237E+18,0.073732,0.057426831
985,0.68817,3.41236E+18,0.068817,0.053653209
986,0.75083,3.72685E+18,0.075083,0.058597929
987,0.73928,3.67324E+18,0.073928,0.057755035
988,0.73462,3.65379E+18,0.073462,0.057449127
989,0.74906,3.72938E+18,0.074906,0.058637661
990,0.73227,3.64947E+18,0.073227,0.057381273
991,0.75358,3.75947E+18,0.075358,0.059110789
992,0.75102,3.75048E+18,0.075102,0.058969428
993,0.73728,3.68557E+18,0.073728,0.057948933
994,0.7541,3.77345E+18,0.07541,0.059330644
995,0.75176,3.76553E+18,0.075176,0.059206043
996,0.74884,3.75467E+18,0.074884,0.059035346
997,0.73971,3.71262E+18,0.073971,0.058374125
998,0.73887,3.71212E+18,0.073887,0.05836632
999,0.73857,3.71433E+18,0.073857,0.058401082
1000,0.73532,3.70169E+18,0.073532,0.058202296
1001,0.74442,3.75124E+18,0.074442,0.058981505
1002,0.72805,3.67242E+18,0.072805,0.057742112
1003,0.73442,3.70825E+18,0.073442,0.058305452
1004,0.72336,3.65604E+18,0.072336,0.057484657
1005,0.68174,3.44912E+18,0.068174,0.05423112
1006,0.71252,3.60843E+18,0.071252,0.056736008
1007,0.72753,3.68811E+18,0.072753,0.057988799
1008,0.72685,3.68832E+18,0.072685,0.057992131
1009,0.71972,3.65576E+18,0.071972,0.057480227
1010,0.71914,3.65644E+18,0.071914,0.057490827
1011,0.72278,3.67858E+18,0.072278,0.057839033
1012,0.71877,3.66179E+18,0.071877,0.057575033
1013,0.71761,3.6595E+18,0.071761,0.057538915
1014,0.72068,3.67878E+18,0.072068,0.057842115
1015,0.70817,3.61849E+18,0.070817,0.05689411
1016,0.71129,3.63801E+18,0.071129,0.05720107
1017,0.70337,3.60104E+18,0.070337,0.056619826
1018,0.71422,3.66019E+18,0.071422,0.057549761
1019,0.68878,3.53328E+18,0.068878,0.055554399
1020,0.69896,3.58902E+18,0.069896,0.056430803
1021,0.70175,3.60688E+18,0.070175,0.0567116
1022,0.6897,3.54842E+18,0.06897,0.055792376
1023,0.69508,3.57959E+18,0.069508,0.056282602
1024,0.69058,3.5599E+18,0.069058,0.055972885
1025,0.69753,3.59923E+18,0.069753,0.056591407
1026,0.69636,3.5967E+18,0.069636,0.056551603
1027,0.69305,3.58309E+18,0.069305,0.056337653
1028,0.69385,3.59072E+18,0.069385,0.056457604
1029,0.68628,3.555E+18,0.068628,0.055895965
1030,0.69055,3.5806E+18,0.069055,0.056298405
1031,0.68736,3.56752E+18,0.068736,0.056092741
1032,0.68787,3.57363E+18,0.068787,0.056188806
1033,0.67613,3.51604E+18,0.067613,0.055283339
1034,0.68015,3.54037E+18,0.068015,0.055665867
1035,0.68234,3.5552E+18,0.068234,0.055899113
1036,0.68202,3.55697E+18,0.068202,0.055926882
1037,0.67497,3.5236E+18,0.067497,0.055402194
1038,0.67172,3.51001E+18,0.067172,0.055188599
1039,0.67636,3.53767E+18,0.067636,0.055623358
1040,0.6717,3.51667E+18,0.06717,0.055293289
1041,0.67176,3.52037E+18,0.067176,0.0553514
1042,0.672,3.52501E+18,0.0672,0.055424366
1043,0.66525,3.49295E+18,0.066525,0.054920304
1044,0.66833,3.51249E+18,0.066833,0.055227476
1045,0.66452,3.49581E+18,0.066452,0.054965235
1046,0.64714,3.40764E+18,0.064714,0.053578885
1047,0.65694,3.46255E+18,0.065694,0.054442258
1048,0.66274,3.49645E+18,0.066274,0.054975376
1049,0.65896,3.47983E+18,0.065896,0.054713977
1050,0.65463,3.46026E+18,0.065463,0.054406269
1051,0.65521,3.46662E+18,0.065521,0.054506334
1052,0.65118,3.44858E+18,0.065118,0.054222624
1053,0.64919,3.44131E+18,0.064919,0.054108305
1054,0.64646,3.43009E+18,0.064646,0.053931936
1055,0.64847,3.44402E+18,0.064847,0.054150951
1056,0.64641,3.43633E+18,0.064641,0.054030094
1057,0.64482,3.43113E+18,0.064482,0.053948233
1058,0.63818,3.39901E+18,0.063818,0.053443217
1059,0.61875,3.29864E+18,0.061875,0.051865063
1060,0.63585,3.393E+18,0.063585,0.053348754
1061,0.62121,3.31801E+18,0.062121,0.052169606
1062,0.63266,3.38235E+18,0.063266,0.053181261
1063,0.62239,3.33057E+18,0.062239,0.052367231
1064,0.63196,3.38497E+18,0.063196,0.053222462
1065,0.62913,3.37298E+18,0.062913,0.053033921
1066,0.61713,3.31175E+18,0.061713,0.052071202
1067,0.62032,3.33199E+18,0.062032,0.052389462
1068,0.61944,3.33038E+18,0.061944,0.052364172
1069,0.58626,3.15494E+18,0.058626,0.049605714
1070,0.60469,3.25717E+18,0.060469,0.05121301
1071,0.61661,3.32448E+18,0.061661,0.052271357
1072,0.61536,3.32084E+18,0.061536,0.052214099
1073,0.60363,3.26057E+18,0.060363,0.051266572
1074,0.62158,3.36066E+18,0.062158,0.052840273
1075,0.59252,3.20653E+18,0.059252,0.050416793
1076,0.61471,3.32971E+18,0.061471,0.052353568
1077,0.60434,3.27658E+18,0.060434,0.051518212
1078,0.60321,3.27349E+18,0.060321,0.051469628
1079,0.60474,3.28483E+18,0.060474,0.051648044
1080,0.59722,3.24699E+18,0.059722,0.051053067
1081,0.58083,3.16081E+18,0.058083,0.04969795
1082,0.5894,3.21041E+18,0.05894,0.050477883
1083,0.59814,3.26103E+18,0.059814,0.051273745
1084,0.57852,3.15697E+18,0.057852,0.049637671
1085,0.5933,3.24061E+18,0.05933,0.050952773
1086,0.5541,3.02929E+18,0.05541,0.047630124
1087,0.56697,3.10251E+18,0.056697,0.048781299
1088,0.59317,3.24886E+18,0.059317,0.051082461
1089,0.57919,3.17521E+18,0.057919,0.049924379
1090,0.55573,3.04939E+18,0.055573,0.047946187
1091,0.58835,3.23135E+18,0.058835,0.050807081
1092,0.58124,3.19522E+18,0.058124,0.050239102
1093,0.51058,2.80936E+18,0.051058,0.044172065
1094,0.53965,2.97203E+18,0.053965,0.046729727
1095,0.52067,2.87012E+18,0.052067,0.04512741
1096,0.50323,2.77652E+18,0.050323,0.043655686
1097,0.57852,3.19483E+18,0.057852,0.050232957
1098,0.50291,2.77982E+18,0.050291,0.043707539
1099,0.50772,2.80896E+18,0.050772,0.044165759
1100,0.48577,2.68997E+18,0.048577,0.042294813
1101,0.49696,2.75443E+18,0.049696,0.043308435
1102,0.46883,2.60088E+18,0.046883,0.040894107
1103,0.46637,2.58958E+18,0.046637,0.040716445
1104,0.46765,2.59904E+18,0.046765,0.040865211
1105,0.50644,2.81717E+18,0.050644,0.04429493
1106,0.39792,2.21551E+18,0.039792,0.034834905
1107,0.48304,2.69187E+18,0.048304,0.042324755
1108,0.41565,2.31841E+18,0.041565,0.036452833
1109,0.41278,2.30448E+18,0.041278,0.036233804
1110,0.47899,2.67653E+18,0.047899,0.042083627
1111,0.33154,1.85427E+18,0.033154,0.029155046
1112,0.41357,2.31514E+18,0.041357,0.036401355
1113,0.2685,1.5044E+18,0.02685,0.023653924
1114,0.29985,1.68156E+18,0.029985,0.026439484
1115,0.24987,1.40253E+18,0.024987,0.022052241
1116,0.20136,1.13126E+18,0.020136,0.017786936
1117,0.079618,4.47701E+17,0.0079618,0.007039279
1118,0.21753,1.22429E+18,0.021753,0.019249733
1119,0.11317,6.37507E+17,0.011317,0.010023633
1120,0.14189,8.00006E+17,0.014189,0.012578636
1121,0.18586,1.04885E+18,0.018586,0.016491315
1122,0.081686,4.61385E+17,0.0081686,0.007254446
1123,0.12817,7.24585E+17,0.012817,0.011392784
1124,0.1087,6.15062E+17,0.01087,0.009670737
1125,0.14428,8.17113E+17,0.014428,0.012847611
1126,0.051589,2.92428E+17,0.0051589,0.004597897
1127,0.15725,8.9215E+17,0.015725,0.014027436
1128,0.099224,5.63442E+17,0.0099224,0.008859099
1129,0.10591,6.01941E+17,0.010591,0.009464434
1130,0.070574,4.01464E+17,0.0070574,0.00631229
1131,0.2956,1.68302E+18,0.02956,0.026462494
1132,0.23411,1.3341E+18,0.023411,0.02097636
1133,0.15331,8.74427E+17,0.015331,0.013748779
1134,0.04174,2.38281E+17,0.004174,0.00374653
1135,0.015462,8.83456E+16,0.0015462,0.001389074
1136,0.12876,7.36347E+17,0.012876,0.01157772
1137,0.28785,1.64759E+18,0.028785,0.025905408
1138,0.20329,1.16461E+18,0.020329,0.01831142
1139,0.2985,1.71156E+18,0.02985,0.026911122
1140,0.25599,1.4691E+18,0.025599,0.023098916
1141,0.19337,1.1107E+18,0.019337,0.017463789
1142,0.22479,1.29231E+18,0.022479,0.020319211
1143,0.31183,1.79427E+18,0.031183,0.02821161
1144,0.11326,6.52268E+17,0.011326,0.010255724
1145,0.14604,8.41784E+17,0.014604,0.013235521
1146,0.15764,9.09441E+17,0.015764,0.0142993
1147,0.059176,3.4169E+17,0.0059176,0.005372455
1148,0.27113,1.56691E+18,0.027113,0.024636738
1149,0.21854,1.26408E+18,0.021854,0.019875346
1150,0.12164,7.04202E+17,0.012164,0.011072304
1151,0.2034,1.17855E+18,0.02034,0.018530623
1152,0.24762,1.43602E+18,0.024762,0.022578856
1153,0.23812,1.38213E+18,0.023812,0.021731461
1154,0.14248,8.27719E+17,0.014248,0.013014379
1155,0.31316,1.82084E+18,0.031316,0.028629384
1156,0.2809,1.63468E+18,0.02809,0.025702378
1157,0.31458,1.83226E+18,0.031458,0.028809001
1158,0.31171,1.81712E+18,0.031171,0.028570842
1159,0.33693,1.96583E+18,0.033693,0.030909135
1160,0.28648,1.67292E+18,0.028648,0.026303651
1161,0.34753,2.03118E+18,0.034753,0.031936569
1162,0.35002,2.04749E+18,0.035002,0.032193095
1163,0.46857,2.74333E+18,0.046857,0.043133821
1164,0.40188,2.3549E+18,0.040188,0.037026538
1165,0.3886,2.27904E+18,0.03886,0.035833767
1166,0.37494,2.20082E+18,0.037494,0.034603822
1167,0.40996,2.40844E+18,0.040996,0.037868324
1168,0.41954,2.46683E+18,0.041954,0.038786443
1169,0.4231,2.48989E+18,0.04231,0.039149054
1170,0.45873,2.70188E+18,0.045873,0.042482175
1171,0.44831,2.64277E+18,0.044831,0.041552682
1172,0.45483,2.68349E+18,0.045483,0.042193005
1173,0.45642,2.69517E+18,0.045642,0.04237663
1174,0.33692,1.99122E+18,0.033692,0.031308238
1175,0.4524,2.67599E+18,0.04524,0.042075007
1176,0.47679,2.82265E+18,0.047679,0.044381114
1177,0.47235,2.79875E+18,0.047235,0.044005212
1178,0.36,2.13487E+18,0.036,0.033566923
1179,0.48371,2.87093E+18,0.048371,0.04514011
1180,0.44069,2.61781E+18,0.044069,0.041160339
1181,0.45514,2.70594E+18,0.045514,0.042545991
1182,0.32318,1.92303E+18,0.032318,0.030236094
1183,0.4387,2.61262E+18,0.04387,0.041078646
1184,0.41985,2.50247E+18,0.041985,0.039346816
1185,0.40741,2.43038E+18,0.040741,0.038213232
1186,0.47715,2.84881E+18,0.047715,0.044792299
1187,0.45575,2.72333E+18,0.045575,0.042819455
1188,0.33504,2.00372E+18,0.033504,0.031504808
1189,0.41569,2.48814E+18,0.041569,0.03912147
1190,0.46239,2.76999E+18,0.046239,0.043553106
1191,0.4466,2.67765E+18,0.04466,0.042101175
1192,0.47336,2.84048E+18,0.047336,0.04466132
1193,0.45434,2.72863E+18,0.045434,0.042902753
1194,0.4689,2.81843E+18,0.04689,0.044314749
1195,0.44696,2.68881E+18,0.044696,0.042276624
1196,0.43131,2.59683E+18,0.043131,0.040830476
1197,0.47715,2.87523E+18,0.047715,0.045207742
1198,0.43392,2.61692E+18,0.043392,0.041146247
1199,0.36489,2.20244E+18,0.036489,0.034629393
1200,0.44825,2.70785E+18,0.044825,0.042576042
1201,0.43708,2.64257E+18,0.043708,0.04154968
1202,0.43717,2.64532E+18,0.043717,0.041592838
1203,0.43409,2.62887E+18,0.043409,0.041334163
1204,0.36247,2.19696E+18,0.036247,0.034543178
1205,0.43692,2.65041E+18,0.043692,0.041672803
1206,0.48086,2.91937E+18,0.048086,0.045901798
1207,0.42986,2.61191E+18,0.042986,0.041067479
1208,0.43346,2.63596E+18,0.043346,0.041445721
1209,0.41428,2.52141E+18,0.041428,0.039644597
1210,0.45336,2.76154E+18,0.045336,0.043420249
1211,0.42232,2.5746E+18,0.042232,0.040480841
1212,0.42489,2.5924E+18,0.042489,0.040760816
1213,0.46956,2.86731E+18,0.046956,0.045083293
1214,0.43407,2.65278E+18,0.043407,0.041710193
1215,0.4278,2.61662E+18,0.04278,0.041141564
1216,0.4664,2.85506E+18,0.04664,0.044890646
1217,0.45528,2.78928E+18,0.045528,0.043856391
1218,0.45934,2.81647E+18,0.045934,0.044283842
1219,0.44663,2.74078E+18,0.044663,0.043093854
1220,0.45805,2.81317E+18,0.045805,0.044231988
1221,0.46531,2.8601E+18,0.046531,0.044969886
1222,0.45139,2.77681E+18,0.045139,0.043660316
1223,0.44406,2.73396E+18,0.044406,0.042986477
1224,0.44808,2.76096E+18,0.044808,0.043411093
1225,0.46236,2.85128E+18,0.046236,0.044831171
1226,0.46819,2.88959E+18,0.046819,0.045433515
1227,0.43304,2.67483E+18,0.043304,0.042056809
1228,0.46658,2.88435E+18,0.046658,0.045351142
1229,0.46721,2.8906E+18,0.046721,0.045449358
1230,0.46003,2.84849E+18,0.046003,0.044787313
1231,0.47203,2.92517E+18,0.047203,0.045992963
1232,0.46633,2.89219E+18,0.046633,0.045474486
1233,0.45397,2.81782E+18,0.045397,0.044305125
1234,0.47016,2.92068E+18,0.047016,0.0459224
1235,0.46504,2.89122E+18,0.046504,0.045459118
1236,0.46908,2.91869E+18,0.046908,0.04589117
1237,0.46339,2.88562E+18,0.046339,0.045371182
1238,0.46797,2.9165E+18,0.046797,0.045856658
1239,0.46272,2.88611E+18,0.046272,0.045378832
1240,0.46077,2.87627E+18,0.046077,0.045224067
1241,0.46197,2.88608E+18,0.046197,0.045378412
1242,0.46247,2.89154E+18,0.046247,0.045464132
1243,0.45754,2.86301E+18,0.045754,0.045015692
1244,0.45528,2.85116E+18,0.045528,0.044829376
1245,0.45655,2.86142E+18,0.045655,0.044990564
1246,0.45945,2.8819E+18,0.045945,0.04531271
1247,0.45746,2.87173E+18,0.045746,0.045152658
1248,0.4586,2.88119E+18,0.04586,0.045301478
1249,0.45966,2.89016E+18,0.045966,0.045442571
1250,0.45705,2.87605E+18,0.045705,0.045220719
1251,0.45258,2.8502E+18,0.045258,0.044814278
1252,0.45097,2.84234E+18,0.045097,0.044690552
1253,0.44773,2.82417E+18,0.044773,0.044404911
1254,0.44363,2.80054E+18,0.044363,0.044033396
1255,0.4507,2.84744E+18,0.04507,0.044770817
1256,0.44023,2.78351E+18,0.044023,0.043765613
1257,0.43532,2.75465E+18,0.043532,0.04331194
1258,0.44496,2.8179E+18,0.044496,0.044306286
1259,0.42725,2.70789E+18,0.042725,0.042576655
1260,0.4311,2.73446E+18,0.04311,0.042994441
1261,0.41146,2.61196E+18,0.041146,0.041068274
1262,0.39567,2.51371E+18,0.039567,0.039523575
1263,0.40019,2.54444E+18,0.040019,0.040006755
1264,0.37148,2.36377E+18,0.037148,0.037166037
1265,0.3957,2.51988E+18,0.03957,0.039620533
1266,0.38527,2.4554E+18,0.038527,0.038606696
1267,0.38822,2.47615E+18,0.038822,0.038933035
1268,0.37051,2.36506E+18,0.037051,0.037186296
1269,0.24652,1.57484E+18,0.024652,0.024761533
1270,0.38744,2.47703E+18,0.038744,0.038946812
1271,0.40825,2.61213E+18,0.040825,0.041071019
1272,0.40879,2.61764E+18,0.040879,0.041157702
1273,0.40625,2.60343E+18,0.040625,0.040934125
1274,0.40614,2.60476E+18,0.040614,0.040955189
1275,0.41233,2.64654E+18,0.041233,0.041612026
1276,0.41693,2.67816E+18,0.041693,0.042109255
1277,0.42001,2.70006E+18,0.042001,0.042453575
1278,0.42763,2.7512E+18,0.042763,0.043257634
1279,0.42456,2.73359E+18,0.042456,0.042980687
1280,0.42204,2.71949E+18,0.042204,0.042758979
1281,0.41335,2.66557E+18,0.041335,0.041911269
1282,0.37305,2.40757E+18,0.037305,0.037854613
1283,0.40733,2.63085E+18,0.040733,0.041365358
1284,0.42078,2.71984E+18,0.042078,0.042764545
1285,0.42399,2.74272E+18,0.042399,0.043124342
1286,0.42714,2.76525E+18,0.042714,0.04347854
1287,0.42213,2.73494E+18,0.042213,0.043001985
1288,0.41989,2.72254E+18,0.041989,0.042807034
1289,0.40936,2.65633E+18,0.040936,0.041765921
1290,0.41285,2.68105E+18,0.041285,0.042154674
1291,0.41786,2.71569E+18,0.041786,0.042699303
1292,0.39618,2.57679E+18,0.039618,0.040515276
1293,0.41257,2.68546E+18,0.041257,0.042224052
1294,0.40421,2.63308E+18,0.040421,0.041400451
1295,0.40514,2.64118E+18,0.040514,0.041527772
1296,0.38957,2.54164E+18,0.038957,0.039962647
1297,0.3713,2.42431E+18,0.03713,0.038117873
1298,0.39183,2.56033E+18,0.039183,0.040256509
1299,0.40852,2.67144E+18,0.040852,0.042003571
1300,0.35312,2.31094E+18,0.035312,0.036335355
1301,0.36228,2.37271E+18,0.036228,0.037306576
1302,0.39181,2.56809E+18,0.039181,0.040378505
1303,0.34621,2.27095E+18,0.034621,0.035706539
1304,0.30062,1.97342E+18,0.030062,0.031028387
1305,0.38382,2.52151E+18,0.038382,0.039646226
1306,0.38453,2.52811E+18,0.038453,0.039750001
1307,0.30594,2.01296E+18,0.030594,0.031650137
1308,0.34696,2.2846E+18,0.034696,0.035921205
1309,0.38413,2.53129E+18,0.038413,0.039799866
1310,0.30114,1.98593E+18,0.030114,0.031225074
1311,0.33366,2.20207E+18,0.033366,0.034623469
1312,0.33337,2.20183E+18,0.033337,0.034619763
1313,0.31352,2.0723E+18,0.031352,0.032583199
1314,0.28833,1.90725E+18,0.028833,0.029988099
1315,0.28581,1.89202E+18,0.028581,0.029748626
1316,0.32419,2.14773E+18,0.032419,0.033769081
1317,0.31217,2.06967E+18,0.031217,0.032541733
1318,0.33328,2.2113E+18,0.033328,0.034768696
1319,0.26855,1.78317E+18,0.026855,0.028037139
1320,0.25872,1.7192E+18,0.025872,0.027031346
1321,0.29866,1.98611E+18,0.029866,0.03122796
1322,0.30217,2.01097E+18,0.030217,0.031618884
1323,0.23279,1.55041E+18,0.023279,0.024377429
1324,0.26249,1.74954E+18,0.026249,0.027508347
1325,0.32224,2.14941E+18,0.032224,0.033795515
1326,0.28051,1.87247E+18,0.028051,0.029441207
1327,0.26625,1.77862E+18,0.026625,0.027965609
1328,0.2345,1.5677E+18,0.02345,0.024649304
1329,0.17759,1.18814E+18,0.017759,0.018681306
1330,0.22923,1.53478E+18,0.022923,0.02413164
1331,0.1448,9.70219E+17,0.01448,0.015254935
1332,0.14579,9.77587E+17,0.014579,0.015370773
1333,0.20304,1.3625E+18,0.020304,0.021422763
1334,0.16925,1.1366E+18,0.016925,0.017870975
1335,0.23117,1.55359E+18,0.023117,0.024427357
1336,0.18348,1.23401E+18,0.018348,0.019402555
1337,0.16454,1.10746E+18,0.016454,0.017412721
1338,0.17804,1.19921E+18,0.017804,0.018855473
1339,0.17681,1.19182E+18,0.017681,0.018739204
1340,0.16831,1.13537E+18,0.016831,0.017851654
1341,0.17039,1.15026E+18,0.017039,0.018085754
1342,0.17798,1.20239E+18,0.017798,0.018905469
1343,0.12711,8.59368E+17,0.012711,0.013511995
1344,0.075645,5.11803E+17,0.0075645,0.008047171
1345,0.10904,7.38298E+17,0.010904,0.011608387
1346,0.058186,3.94264E+17,0.0058186,0.006199081
1347,0.060119,4.07664E+17,0.0060119,0.006409779
1348,0.0047451,3.22002E+16,0.00047451,0.00050629
1349,0.016159,1.09736E+17,0.0016159,0.001725401
1350,0.016025,1.08907E+17,0.0016025,0.001712362
1351,0.0046298,3.14877E+16,0.00046298,0.000495087
1352,0.0015164,1.03208E+16,0.00015164,0.000162276
1353,0.000096096,6.54525E+14,9.6096E-06,1.02912E-05
1354,0.00029009,1.97731E+15,0.000029009,3.10896E-05
1355,3.6034E-06,2.45796E+13,3.6034E-07,3.8647E-07
1356,0.00004807,3.28138E+14,0.000004807,5.15938E-06
1357,0.000071786,4.90391E+14,7.1786E-06,7.71051E-06
1358,4.1948E-06,2.8677E+13,4.1948E-07,4.50894E-07
1359,7.3439E-07,5.02423E+12,7.3439E-08,7.89969E-08
1360,2.1404E-06,1.4654E+13,2.1404E-07,2.30408E-07
1361,4.8133E-09,32978003708,4.8133E-10,5.18519E-10
1362,1.8076E-11,123937504.3,1.8076E-12,1.94869E-12
1363,3.1563E-06,2.1657E+13,3.1563E-07,3.40516E-07
1364,1.3589E-06,9.33094E+12,1.3589E-07,1.46712E-07
1365,9.0764E-12,62369115.47,9.0764E-13,9.80641E-13
1366,0.000012791,8.79586E+13,1.2791E-06,1.38299E-06
1367,4.9764E-06,3.42458E+13,4.9764E-07,5.38453E-07
1368,1.481E-13,1019916.135,1.481E-14,1.60363E-14
1369,5.1667E-07,3.56074E+12,5.1667E-08,5.59861E-08
1370,0.000000292,2.01385E+12,2.92E-08,3.16641E-08
1371,1.9731E-08,1.36179E+11,1.9731E-09,2.14117E-09
1372,2.7498E-06,1.89923E+13,2.7498E-07,2.9862E-07
1373,0.000044401,3.06893E+14,4.4401E-06,4.82533E-06
1374,0.00017917,1.2393E+15,0.000017917,1.94857E-05
1375,0.00032332,2.23799E+15,0.000032332,3.51884E-05
1376,0.00025748,1.78355E+15,0.000025748,2.80431E-05
1377,0.0001227,8.50554E+14,0.00001227,1.33734E-05
1378,0.0011089,7.69245E+15,0.00011089,0.00012095
1379,0.000052164,3.62125E+14,5.2164E-06,5.69376E-06
1380,0.000081587,5.66792E+14,8.1587E-06,8.91177E-06
1381,2.3716E-06,1.64876E+13,2.3716E-07,2.59238E-07
1382,2.5672E-06,1.78604E+13,2.5672E-07,2.80822E-07
1383,4.4017E-08,3.06454E+11,4.4017E-09,4.81844E-09
1384,6.1689E-07,4.29801E+12,6.1689E-08,6.75783E-08
1385,2.0899E-06,1.45713E+13,2.0899E-07,2.29107E-07
1386,2.5215E-06,1.75932E+13,2.5215E-07,2.76622E-07
1387,0.00019896,1.3892E+15,0.000019896,2.18427E-05
1388,4.0262E-06,2.81325E+13,4.0262E-07,4.42332E-07
1389,0.00058098,4.06244E+15,0.000058098,6.38744E-05
1390,0.00049328,3.45169E+15,0.000049328,5.42715E-05
1391,0.00034384,2.40772E+15,0.000034384,3.78571E-05
1392,0.000023782,1.66652E+14,2.3782E-06,2.6203E-06
1393,0.00011586,8.12471E+14,0.000011586,1.27746E-05
1394,0.000075526,5.30008E+14,7.5526E-06,8.33341E-06
1395,6.7136E-07,4.71469E+12,6.7136E-08,7.41299E-08
1396,6.3215E-09,44425146325,6.3215E-10,6.98505E-10
1397,0.000049057,3.45001E+14,4.9057E-06,5.42452E-06
1398,0.0012704,8.94069E+15,0.00012704,0.000140576
1399,0.00081226,5.72053E+15,0.000081226,8.99449E-05
1400,3.2466E-09,22881270028,3.2466E-10,3.59766E-10
1401,1.0528E-08,74251856713,1.0528E-09,1.16748E-09
1402,0.0018353,1.29532E+16,0.00018353,0.000203666
1403,0.00238,1.68096E+16,0.000238,0.000264301
1404,0.00073892,5.22261E+15,0.000073892,8.21161E-05
1405,3.6444E-07,2.57766E+12,3.6444E-08,4.0529E-08
1406,0.0020448,1.4473E+16,0.00020448,0.000227562
1407,0.00017457,1.23648E+15,0.000017457,1.94414E-05
1408,0.0016493,1.16903E+16,0.00016493,0.000183809
1409,0.00061919,4.39196E+15,0.000061919,6.90556E-05
1410,0.00046653,3.31148E+15,0.000046653,5.2067E-05
1411,0.0021142,1.50175E+16,0.00021142,0.000236122
1412,0.0026396,1.87627E+16,0.00026396,0.00029501
1413,0.023353,1.66115E+17,0.0023353,0.002611852
1414,0.00036378,2.58947E+15,0.000036378,4.07148E-05
1415,0.00018366,1.30826E+15,0.000018366,2.057E-05
1416,0.035565,2.53518E+17,0.0035565,0.003986115
1417,0.011759,8.3881E+16,0.0011759,0.001318876
1418,0.013559,9.67893E+16,0.0013559,0.001521835
1419,0.0021442,1.53169E+16,0.00021442,0.00024083
1420,0.0082718,5.91305E+16,0.00082718,0.00092972
1421,0.0091637,6.55523E+16,0.00091637,0.001030691
1422,0.046314,3.31539E+17,0.0046314,0.005212855
1423,0.0092198,6.60465E+16,0.00092198,0.001038461
1424,0.016975,1.21687E+17,0.0016975,0.001913302
1425,0.02585,1.85438E+17,0.002585,0.002915675
1426,0.027792,1.99509E+17,0.0027792,0.003136917
1427,0.049546,3.55923E+17,0.0049546,0.00559624
1428,0.0045588,3.27719E+16,0.00045588,0.000515279
1429,0.03802,2.73506E+17,0.003802,0.004300392
1430,0.061601,4.43452E+17,0.0061601,0.006972484
1431,0.050156,3.61315E+17,0.0050156,0.005681019
1432,0.0025194,1.8162E+16,0.00025194,0.000285564
1433,0.035834,2.58503E+17,0.0035834,0.004064482
1434,0.020962,1.51323E+17,0.0020962,0.00237928
1435,0.021416,1.54708E+17,0.0021416,0.002432506
1436,0.038351,2.77239E+17,0.0038351,0.00435908
1437,0.02988,2.16153E+17,0.002988,0.003398608
1438,0.013263,9.60117E+16,0.0013263,0.001509609
1439,0.051039,3.69731E+17,0.0051039,0.005813353
1440,0.039601,2.87073E+17,0.0039601,0.004513697
1441,0.0318,2.30682E+17,0.00318,0.003627061
1442,0.036317,2.63632E+17,0.0036317,0.004145138
1443,0.045063,3.27348E+17,0.0045063,0.005146953
1444,0.061791,4.49175E+17,0.0061791,0.007062463
1445,0.049751,3.61904E+17,0.0049751,0.005690277
1446,0.023095,1.68116E+17,0.0023095,0.002643322
1447,0.036215,2.63803E+17,0.0036215,0.004147828
1448,0.11569,8.43311E+17,0.011569,0.01325953
1449,0.10213,7.44981E+17,0.010213,0.011713467
1450,0.027412,2.00093E+17,0.0027412,0.0031461
1451,0.011271,8.23291E+16,0.0011271,0.001294475
1452,0.062361,4.5583E+17,0.0062361,0.007167099
1453,0.081978,5.99634E+17,0.0081978,0.009428154
1454,0.13759,1.0071E+18,0.013759,0.015834889
1455,0.06615,4.84525E+17,0.006615,0.007618274
1456,0.088509,6.48742E+17,0.0088509,0.010200291
1457,0.117,8.58161E+17,0.0117,0.01349302
1458,0.13643,1.00136E+18,0.013643,0.015744582
1459,0.16307,1.19771E+18,0.016307,0.018831855
1460,0.085421,6.27828E+17,0.0085421,0.009871457
1461,0.090276,6.63966E+17,0.0090276,0.010439658
1462,0.1306,9.612E+17,0.01306,0.015113125
1463,0.043225,3.18348E+17,0.0043225,0.005005449
1464,0.15184,1.11905E+18,0.015184,0.01759507
1465,0.093383,6.88698E+17,0.0093383,0.010828522
1466,0.065197,4.81155E+17,0.0065197,0.007565285
1467,0.036054,2.66261E+17,0.0036054,0.004186463
1468,0.076942,5.68608E+17,0.0076942,0.008940324
1469,0.094845,7.0139E+17,0.0094845,0.011028082
1470,0.049678,3.67625E+17,0.0049678,0.005780231
1471,0.017848,1.32168E+17,0.0017848,0.002078098
1472,0.046771,3.46583E+17,0.0046771,0.005449394
1473,0.070198,5.20536E+17,0.0070198,0.008184483
1474,0.097339,7.22283E+17,0.0097339,0.011356594
1475,0.18463,1.37094E+18,0.018463,0.021555496
1476,0.068778,5.11045E+17,0.0068778,0.008035255
1477,0.069736,5.18514E+17,0.0069736,0.008152696
1478,0.06348,4.72318E+17,0.006348,0.007426344
1479,0.12001,8.9353E+17,0.012001,0.014049127
1480,0.060637,4.51776E+17,0.0060637,0.007103349
1481,0.11529,8.59548E+17,0.011529,0.013514825
1482,0.05849,4.36368E+17,0.005849,0.006861097
1483,0.14859,1.10931E+18,0.014859,0.017441927
1484,0.13747,1.02699E+18,0.013747,0.01614751
1485,0.12503,9.34682E+17,0.012503,0.014696179
1486,0.1234,9.23118E+17,0.01234,0.014514354
1487,0.060629,4.53852E+17,0.0060629,0.007136004
1488,0.09418,7.0548E+17,0.009418,0.011092396
1489,0.18973,1.42218E+18,0.018973,0.022361166
1490,0.17478,1.311E+18,0.017478,0.020613026
1491,0.19778,1.48451E+18,0.019778,0.023341231
1492,0.16441,1.23487E+18,0.016441,0.019416046
1493,0.18157,1.36467E+18,0.018157,0.021456933
1494,0.20367,1.5318E+18,0.020367,0.024084709
1495,0.18253,1.37372E+18,0.018253,0.021599276
1496,0.16852,1.26913E+18,0.016852,0.019954773
1497,0.2285,1.72199E+18,0.02285,0.027075204
1498,0.18968,1.4304E+18,0.018968,0.022490396
1499,0.21759,1.64196E+18,0.021759,0.025816913
1500,0.25061,1.8924E+18,0.025061,0.029754551
1501,0.26552,2.00632E+18,0.026552,0.031545809
1502,0.23356,1.766E+18,0.023356,0.027767203
1503,0.18493,1.39923E+18,0.018493,0.022000375
1504,0.16029,1.21361E+18,0.016029,0.019081741
1505,0.18402,1.3942E+18,0.018402,0.021921247
1506,0.25773,1.95395E+18,0.025773,0.030722297
1507,0.25514,1.9356E+18,0.025514,0.030433755
1508,0.24302,1.84487E+18,0.024302,0.029007286
1509,0.1869,1.41978E+18,0.01869,0.0223235
1510,0.27052,2.05636E+18,0.027052,0.032332558
1511,0.26474,2.01376E+18,0.026474,0.031662687
1512,0.26068,1.98419E+18,0.026068,0.031197748
1513,0.24239,1.84619E+18,0.024239,0.029028017
1514,0.22571,1.72028E+18,0.022571,0.027048327
1515,0.26573,2.02664E+18,0.026573,0.031865223
1516,0.25683,1.96006E+18,0.025683,0.030818301
1517,0.24929,1.90377E+18,0.024929,0.029933271
1518,0.25211,1.92657E+18,0.025211,0.030291835
1519,0.24437,1.86865E+18,0.024437,0.029381191
1520,0.2645,2.02392E+18,0.02645,0.031822405
1521,0.27505,2.10603E+18,0.027505,0.033113463
1522,0.26378,2.02106E+18,0.026378,0.031777539
1523,0.28004,2.14706E+18,0.028004,0.033758544
1524,0.27539,2.11279E+18,0.027539,0.033219789
1525,0.25884,1.98712E+18,0.025884,0.031243881
1526,0.26745,2.05457E+18,0.026745,0.03230434
1527,0.2622,2.01556E+18,0.02622,0.031690965
1528,0.27928,2.14826E+18,0.027928,0.033777455
1529,0.27244,2.09702E+18,0.027244,0.032971757
1530,0.25522,1.96576E+18,0.025522,0.030907927
1531,0.26973,2.07887E+18,0.026973,0.032686482
1532,0.27839,2.14702E+18,0.027839,0.033757955
1533,0.27714,2.13877E+18,0.027714,0.033628315
1534,0.26892,2.07669E+18,0.026892,0.032652181
1535,0.26686,2.06213E+18,0.026686,0.032423179
1536,0.27464,2.12363E+18,0.027464,0.033390179
1537,0.27336,2.11511E+18,0.027336,0.033256196
1538,0.27202,2.10611E+18,0.027202,0.033114707
1539,0.27295,2.11468E+18,0.027295,0.033249526
1540,0.26491,2.05373E+18,0.026491,0.032291098
1541,0.26904,2.0871E+18,0.026904,0.032815818
1542,0.26927,2.09024E+18,0.026927,0.032865185
1543,0.27208,2.11342E+18,0.027208,0.03322969
1544,0.2721,2.11495E+18,0.02721,0.03325367
1545,0.27705,2.15481E+18,0.027705,0.033880544
1546,0.27481,2.13878E+18,0.027481,0.033628366
1547,0.27309,2.12676E+18,0.027309,0.033439506
1548,0.26675,2.07873E+18,0.026675,0.032684295
1549,0.27342,2.13209E+18,0.027342,0.033523197
1550,0.2699,2.106E+18,0.02699,0.033112984
1551,0.27058,2.11267E+18,0.027058,0.033217828
1552,0.27182,2.12372E+18,0.027182,0.033391572
1553,0.27132,2.12118E+18,0.027132,0.033351625
1554,0.26474,2.07107E+18,0.026474,0.032563743
1555,0.26759,2.09471E+18,0.026759,0.032935481
1556,0.2631,2.06088E+18,0.02631,0.032403668
1557,0.27062,2.12115E+18,0.027062,0.03335126
1558,0.26848,2.10573E+18,0.026848,0.033108776
1559,0.26808,2.10394E+18,0.026808,0.033080668
1560,0.26568,2.08644E+18,0.026568,0.032805541
1561,0.27002,2.12189E+18,0.027002,0.033362806
1562,0.26756,2.1039E+18,0.026756,0.033080035
1563,0.26667,2.09825E+18,0.026667,0.032991106
1564,0.26264,2.06786E+18,0.026264,0.032513323
1565,0.26728,2.10574E+18,0.026728,0.033108884
1566,0.26245,2.06901E+18,0.026245,0.032531349
1567,0.26308,2.0753E+18,0.026308,0.032630263
1568,0.25722,2.03036E+18,0.025722,0.031923796
1569,0.25452,2.01033E+18,0.025452,0.031608843
1570,0.24175,1.91069E+18,0.024175,0.030042071
1571,0.23507,1.85907E+18,0.023507,0.02923056
1572,0.23775,1.88147E+18,0.023775,0.029582632
1573,0.23407,1.85352E+18,0.023407,0.029143266
1574,0.24145,1.91318E+18,0.024145,0.030081236
1575,0.23974,1.90083E+18,0.023974,0.02988717
1576,0.24678,1.9579E+18,0.024678,0.030784345
1577,0.21602,1.71494E+18,0.021602,0.026964315
1578,0.23516,1.86807E+18,0.023516,0.029372045
1579,0.23672,1.88166E+18,0.023672,0.02958563
1580,0.24464,1.94584E+18,0.024464,0.030594848
1581,0.2487,1.97939E+18,0.02487,0.031122279
1582,0.24195,1.92688E+18,0.024195,0.030296736
1583,0.24755,1.97273E+18,0.024755,0.031017557
1584,0.24904,1.98586E+18,0.024904,0.031223963
1585,0.25874,2.06451E+18,0.025874,0.032460603
1586,0.25569,2.04146E+18,0.025569,0.032098199
1587,0.25303,2.02149E+18,0.025303,0.031784302
1588,0.25107,2.0071E+18,0.025107,0.03155797
1589,0.23233,1.85846E+18,0.023233,0.029220856
1590,0.24179,1.93535E+18,0.024179,0.030429807
1591,0.24197,1.93801E+18,0.024197,0.030471613
1592,0.25225,2.02161E+18,0.025225,0.031786154
1593,0.25833,2.07164E+18,0.025833,0.032572745
1594,0.25624,2.05617E+18,0.025624,0.0323295
1595,0.25823,2.07344E+18,0.025823,0.032601015
1596,0.24452,1.96458E+18,0.024452,0.03088951
1597,0.24692,1.98511E+18,0.024692,0.031212239
1598,0.25421,2.045E+18,0.025421,0.032153862
1599,0.24202,1.94815E+18,0.024202,0.030631161
1600,0.2381,1.9178E+18,0.02381,0.030153874
1601,0.22323,1.79915E+18,0.022323,0.028288351
1602,0.22413,1.80753E+18,0.022413,0.028420142
1603,0.22397,1.80737E+18,0.022397,0.028417581
1604,0.22842,1.84443E+18,0.022842,0.029000283
1605,0.23683,1.91353E+18,0.023683,0.030086765
1606,0.2414,1.95167E+18,0.02414,0.030686443
1607,0.23296,1.88461E+18,0.023296,0.029632001
1608,0.2299,1.86101E+18,0.02299,0.029260972
1609,0.22727,1.84086E+18,0.022727,0.028944223
1610,0.2176,1.76363E+18,0.02176,0.027729913
1611,0.2268,1.83934E+18,0.02268,0.028920269
1612,0.23076,1.87262E+18,0.023076,0.029443491
1613,0.23719,1.92599E+18,0.023719,0.030282692
1614,0.23838,1.93685E+18,0.023838,0.030453491
1615,0.24104,1.95968E+18,0.024104,0.03081239
1616,0.2305,1.87515E+18,0.02305,0.029483295
1617,0.23465,1.91009E+18,0.023465,0.030032696
1618,0.24352,1.98352E+18,0.024352,0.031187236
1619,0.241,1.96421E+18,0.0241,0.030883579
1620,0.23449,1.91233E+18,0.023449,0.030067899
1621,0.2343,1.91196E+18,0.02343,0.030062081
1622,0.23754,1.93959E+18,0.023754,0.030496594
1623,0.24246,1.98099E+18,0.024246,0.03114744
1624,0.24269,1.98409E+18,0.024269,0.031196196
1625,0.23782,1.94547E+18,0.023782,0.030589014
1626,0.23971,1.96214E+18,0.023971,0.030851084
1627,0.24078,1.97211E+18,0.024078,0.031007853
1628,0.24126,1.97726E+18,0.024126,0.031088764
1629,0.24137,1.97937E+18,0.024137,0.031122044
1630,0.23651,1.94071E+18,0.023651,0.03051412
1631,0.23806,1.95463E+18,0.023806,0.030732941
1632,0.23821,1.95706E+18,0.023821,0.030771161
1633,0.23267,1.91271E+18,0.023267,0.030073939
1634,0.23282,1.91512E+18,0.023282,0.030111756
1635,0.23367,1.92329E+18,0.023367,0.030240186
1636,0.23539,1.93863E+18,0.023539,0.03048141
1637,0.227,1.87067E+18,0.0227,0.029412929
1638,0.22007,1.81467E+18,0.022007,0.028532412
1639,0.22026,1.81735E+18,0.022026,0.028574479
1640,0.21511,1.77594E+18,0.021511,0.027923393
1641,0.2196,1.81411E+18,0.02196,0.028523621
1642,0.22082,1.8253E+18,0.022082,0.028699564
1643,0.21535,1.78117E+18,0.021535,0.028005684
1644,0.22355,1.85012E+18,0.022355,0.029089766
1645,0.21822,1.80711E+18,0.021822,0.028413465
1646,0.21749,1.80216E+18,0.021749,0.028335629
1647,0.22768,1.88774E+18,0.022768,0.029681252
1648,0.21655,1.79655E+18,0.021655,0.028247443
1649,0.21867,1.81524E+18,0.021867,0.02854129
1650,0.22526,1.87108E+18,0.022526,0.029419261
1651,0.20855,1.73333E+18,0.020855,0.02725342
1652,0.22373,1.86062E+18,0.022373,0.029254859
1653,0.22277,1.85376E+18,0.022277,0.029146962
1654,0.21583,1.79709E+18,0.021583,0.028256024
1655,0.22231,1.85217E+18,0.022231,0.029121969
1656,0.22101,1.84245E+18,0.022101,0.028969166
1657,0.22223,1.85374E+18,0.022223,0.029146669
1658,0.22487,1.87689E+18,0.022487,0.029510719
1659,0.2212,1.84737E+18,0.02212,0.029046596
1660,0.22332,1.8662E+18,0.022332,0.029342658
1661,0.22384,1.87168E+18,0.022384,0.029428699
1662,0.21908,1.83298E+18,0.021908,0.028820233
1663,0.22235,1.86146E+18,0.022235,0.029268005
1664,0.22098,1.8511E+18,0.022098,0.029105163
1665,0.21178,1.7751E+18,0.021178,0.027910198
1666,0.17884,1.4999E+18,0.017884,0.023583236
1667,0.21068,1.768E+18,0.021068,0.027798582
1668,0.21459,1.80189E+18,0.021459,0.02833148
1669,0.21516,1.80776E+18,0.021516,0.028423765
1670,0.22168,1.86366E+18,0.022168,0.029302638
1671,0.21879,1.84046E+18,0.021879,0.028937943
1672,0.21147,1.77995E+18,0.021147,0.027986512
1673,0.21629,1.82161E+18,0.021629,0.028641524
1674,0.21575,1.81815E+18,0.021575,0.028587093
1675,0.2136,1.80111E+18,0.02136,0.028319123
1676,0.21145,1.78404E+18,0.021145,0.028050812
1677,0.21229,1.7922E+18,0.021229,0.028179049
1678,0.20915,1.76674E+18,0.020915,0.027778805
1679,0.21303,1.80059E+18,0.021303,0.028311
1680,0.20558,1.73866E+18,0.020558,0.027337191
1681,0.19447,1.64567E+18,0.019447,0.025875221
1682,0.20366,1.72447E+18,0.020366,0.027114117
1683,0.20906,1.77124E+18,0.020906,0.02784959
1684,0.19797,1.67828E+18,0.019797,0.026387923
1685,0.21321,1.80855E+18,0.021321,0.028436177
1686,0.21026,1.78459E+18,0.021026,0.028059373
1687,0.20484,1.73962E+18,0.020484,0.027352283
1688,0.21013,1.7856E+18,0.021013,0.028075289
1689,0.20718,1.76157E+18,0.020718,0.027697541
1690,0.20523,1.74603E+18,0.020523,0.027453093
1691,0.19303,1.6432E+18,0.019303,0.025836409
1692,0.20708,1.76385E+18,0.020708,0.027733345
1693,0.21134,1.8012E+18,0.021134,0.028320597
1694,0.20477,1.74624E+18,0.020477,0.027456393
1695,0.20968,1.78916E+18,0.020968,0.028131342
1696,0.20922,1.78629E+18,0.020922,0.028086187
1697,0.18107,1.54686E+18,0.018107,0.024321597
1698,0.20739,1.77276E+18,0.020739,0.027873354
1699,0.20551,1.75772E+18,0.020551,0.027636948
1700,0.19975,1.70946E+18,0.019975,0.026878155
1702,0.20396,1.74754E+18,0.020396,0.027476936
1705,0.19778,1.69758E+18,0.019778,0.026691347
1710,0.1879,1.61751E+18,0.01879,0.025432358
1715,0.18965,1.63735E+18,0.018965,0.025744278
1720,0.18698,1.619E+18,0.018698,0.025455835
1725,0.17808,1.54642E+18,0.017808,0.024314648
1730,0.17407,1.51598E+18,0.017407,0.023836022
1735,0.16154,1.41092E+18,0.016154,0.022184176
1740,0.16818,1.47315E+18,0.016818,0.023162601
1745,0.15481,1.35993E+18,0.015481,0.021382485
1750,0.16566,1.45942E+18,0.016566,0.022946658
1755,0.15301,1.35182E+18,0.015301,0.021254979
1760,0.15998,1.41743E+18,0.015998,0.022286512
1765,0.13284,1.18031E+18,0.013284,0.018558263
1770,0.14172,1.26278E+18,0.014172,0.01985492
1775,0.11484,1.02616E+18,0.011484,0.016134491
1780,0.1005,9.00553E+17,0.01005,0.014159561
1785,0.076981,6.91743E+17,0.0076981,0.010876408
1790,0.088904,8.0112E+17,0.0088904,0.012596157
1795,0.046931,4.2408E+17,0.0046931,0.006667883
1800,0.031828,2.88407E+17,0.0031828,0.004534669
1805,0.014815,1.34618E+17,0.0014815,0.002116619
1810,0.0096911,8.83029E+16,0.00096911,0.001388403
1815,0.0032816,2.99837E+16,0.00032816,0.00047144
1820,0.00098755,9.04802E+15,0.000098755,0.000142264
1825,0.0012744,1.17082E+16,0.00012744,0.000184091
1830,5.2041E-06,4.79424E+13,5.2041E-07,7.53808E-07
1835,0.000006419,5.92962E+13,6.419E-07,9.32325E-07
1840,6.2703E-08,5.80804E+11,6.2703E-09,9.13208E-09
1845,6.2658E-06,5.81964E+13,6.2658E-07,9.15033E-07
1850,2.9993E-06,2.79328E+13,2.9993E-07,4.39193E-07
1855,2.8396E-07,2.6517E+12,2.8396E-08,4.16932E-08
1860,0.000011151,1.04412E+14,1.1151E-06,1.64169E-06
1865,0.000016982,1.59438E+14,1.6982E-06,2.50687E-06
1870,2.6662E-10,2509907042,2.6662E-11,3.94637E-11
1875,4.513E-10,4259806893,4.513E-11,6.69777E-11
1880,0.000077505,7.33518E+14,7.7505E-06,1.15332E-05
1885,0.00004389,4.16486E+14,0.000004389,6.54848E-06
1890,0.00022333,2.12487E+15,0.000022333,3.34097E-05
1895,0.00012947,1.2351E+15,0.000012947,1.94197E-05
1900,8.6221E-07,8.24689E+12,8.6221E-08,1.29667E-07
1905,5.6667E-07,5.43436E+12,5.6667E-08,8.54454E-08
1910,0.000023045,2.21581E+14,2.3045E-06,3.48397E-06
1915,0.000019947,1.92296E+14,1.9947E-06,3.0235E-06
1920,0.00045069,4.35615E+15,0.000045069,6.84925E-05
1925,0.00093615,9.07193E+15,0.000093615,0.00014264
1930,0.00055242,5.36723E+15,0.000055242,8.43899E-05
1935,0.0035935,3.50043E+16,0.00035935,0.00055038
1940,0.0032821,3.20536E+16,0.00032821,0.000503985
1945,0.010863,1.06364E+17,0.0010863,0.001672373
1950,0.016727,1.64201E+17,0.0016727,0.002581763
1955,0.010036,9.87713E+16,0.0010036,0.001552999
1960,0.021906,2.16144E+17,0.0021906,0.003398466
1965,0.028563,2.82546E+17,0.0028563,0.004442527
1970,0.048847,4.84426E+17,0.0048847,0.007616718
1975,0.067857,6.7466E+17,0.0067857,0.010607804
1980,0.075512,7.5267E+17,0.0075512,0.011834363
1985,0.083063,8.30025E+17,0.0083063,0.013050642
1990,0.085613,8.57662E+17,0.0085613,0.013485173
1995,0.08119,8.15396E+17,0.008119,0.012820624
2000,0.038156,3.84164E+17,0.0038156,0.006040273
